Seller_ID,Total_Revenue,Total_Orders,Revenue_Rank,Orders_Rank,Overall_Rank_Score
4869f7a5dfa277a7dca6462dcf3b52b2,249640.69999999998,1132,1,9,10
7c67e1448b00f6e969d365cea6b010ab,239536.44,982,2,11,13
53243585a1d6dc2643021fd1853d8905,235856.67999999996,358,3,40,43
4a3ca9315b744ce9f8e9374361493884,235539.95999999985,1806,4,2,6
fa1c13f2614d7b5c4749cbc52fecda94,204084.73,585,5,19,24
da8622b14eb17ae2831f4ac5b9dab84a,185192.32,1314,6,5,11
7e93a43ef30c4f03f38b393420bc753a,182754.05,336,7,46,53
1025f0e2d44d7041d6cf58b6550e0bfa,172860.69000000003,915,8,13,21
7a67c85e85bb2ce8582c35f2203ad736,162648.38000000003,1160,9,7,16
955fee9216a65b617aa5c0531780ce60,160602.68000000005,1287,10,6,16
6560211a19b47992c3666cc44a7e94c0,151265.76999999984,1854,11,1,12
1f50f920176fa81dab994f9023523100,142104.97999999995,1404,12,4,16
46dc3b2cc0980fb8ec44634e21d2718e,139909.69,521,13,25,38
a1043bafd471dff536d0c462352beb48,133745.25,718,14,15,29
cc419e0650a3c5ba77189a1882b7556a,129957.40999999989,1706,15,3,18
620c87c171fb2a6dd6e8bb4dec959fc6,128909.70999999999,740,16,14,30
5dceca129747e92ff8ef7a997dc4f8ca,125816.92000000001,325,17,48,65
7d13fca15225358621be4086e1eb0964,122261.02000000002,565,18,20,38
3d871de0142ce09b7081e2b9d1733cb1,117347.70999999992,1080,19,10,29
edb1ef5e36e0c8cd84eb3c9b003e486d,83189.65,166,20,101,121
ccc4bbb5f32a6ab2b7066a4130f114e3,79261.6,187,21,92,113
cca3071e3e9bb7d12640c9fbe2301306,78381.29000000001,712,22,16,38
8581055ce74af1daba164fdbd55a40de,74584.29999999999,387,23,37,60
f7ba60f8c3f99e7ee4042fdef03b70c4,72736.01,219,24,74,98
fe2032dab1a61af8794248c8196565c9,70680.95000000001,294,25,57,82
de722cd6dad950a92b7d4f82673f8833,65112.75,339,26,43,69
7ddcbb64b5bc1ef36ca8c151f6ec77df,63525.29,334,27,47,74
04308b1ee57b6625f47df1d56f00eedf,63184.98999999999,94,28,159,187
f8db351d8c4c4c22c6835c19a46f01b0,63079.80000000002,667,29,17,46
218d46b86c1881d022bce9c68a7d4b15,62737.54000000001,388,30,36,66
522620dcb18a6b31cd7bdf73665113a9,61829.81,174,31,98,129
25c5c91f63607446a97b143d2d535d31,61679.329999999994,158,32,108,140
17e34d8224d27a541263c4c64b11a56b,61603.19999999999,255,33,64,97
37be5a7c751166fbc5f8ccba4119e043,61433.88000000002,272,34,59,93
ceaec5548eefc6e23e6607c5435102e7,59249.020000000004,203,35,84,119
b2ba3715d723d245138f291a6fe42594,58173.020000000004,337,36,45,81
17f51e7198701186712e53a39c564617,57812.43,56,37,196,233
f5a590cf36251cf1162ea35bef76fe84,57440.94,117,38,139,177
77530e9772f57a62c906e1c21538ab82,55063.990000000005,320,39,50,89
8160255418d5aaa7dbdc9f4c64ebda44,54871.500000000015,385,40,38,78
ea8482cd71df3c1969d7b9473ff13abc,54722.29000000008,1146,41,8,49
e882b2a25a10b9c057cc49695f222c19,53913.759999999995,57,42,195,237
4e922959ae960d389249c378d1c939f5,53304.75000000001,420,43,29,72
e9779976487b77c6d4ac45f75ec7afe9,53302.66000000002,657,44,18,62
966cb4760537b1404caedd472cc610a5,52935.87,75,45,177,222
2bf6a2c1e71bbd29a4ad64e6d3c3629f,51629.49,30,46,222,268
4d6d651bd7684af3fffabd5f08d12e5a,51486.31000000001,369,47,39,86
c826c40d7b19f62a09e2d7c5e7295ee2,51217.22000000001,354,48,41,89
d91fb3b7d041e83b64a00a3edfb37e4f,50180.51,535,49,21,70
391fc6631aebcf3004804e51b40bcf1e,50142.83,526,50,23,73
17a053fcb14bd219540cbde0df490be0,49531.56999999999,125,51,133,184
c3cfdc648177fdbbbb35635a37472c53,49127.81,278,52,58,110
06a2c3af7b3aee5d69171b0e14f0ee87,48550.24,392,53,35,88
850f4f8af5ea87287ac68de36e29107f,48469.77,187,54,92,146
b33e7c55446eabf8fe1a42d037ac7d6d,47710.240000000005,152,55,113,168
eeb6de78f79159600292e314a77cbd18,46795.28,83,56,170,226
712e6ed8aa4aa1fa65dab41fed5737e4,46704.13,79,57,173,230
2eb70248d66e0e3ef83659f71b244378,45860.1,202,58,85,143
ba90964cff9b9e0e6f32b23b82465f7b,45523.5,38,59,214,273
634964b17796e64304cadf1ad3050fb7,45420.530000000006,268,60,60,120
7142540dd4c91e2237acb7e911c4eba2,44289.16,319,61,51,112
834f3294fba9f932f56edc879193f925,44207.42,66,62,186,248
b839e41795b7f3ad94cc2014a52f6796,43749.93,33,63,219,282
c3867b4666c7d76867627c2f7fb22e21,42197.18,245,64,68,132
1835b56ce799e6a4dc4eddc053f04066,42086.15999999999,423,65,28,93
dbc22125167c298ef99da25668e1011f,41789.16,406,66,31,97
7299e27ed73d2ad986de7f7c77d919fa,41581.080000000016,338,67,44,111
7178f9f4dd81dcef02f62acdf8151e01,41478.92,203,68,84,152
c70c1b0d8ca86052f45a432a38b73958,40476.280000000006,261,69,62,131
53e4c6e0f4312d4d2107a8c9cddf45cd,40036.18999999999,473,70,27,97
855668e0971d4dfd7bef1b6a4133b41b,40005.36,312,71,54,125
e9bc59e7b60fc3063eb2290deda4cced,39031.56,216,72,77,149
87142160b41353c4e5fca2360caf6f92,38314.310000000005,305,73,56,129
0241d4d5d36f10f80c644447315af0bd,38251.61,238,74,69,143
59417c56835dd8e2e72f91f809cd4092,37657.770000000004,18,75,234,309
76d5af76d0271110f9af36c92573f765,37541.560000000005,131,76,128,204
9c0e69c7bf2619675bbadf47b43f655a,36602.96,157,77,109,186
88460e8ebdecbfecb5f9601833981930,36543.100000000006,248,78,66,144
70a12e78e608ac31179aea7f8422044b,36465.44,315,79,53,132
2528513dd95219a6013d4d05176e391a,36438.75,161,80,105,185
1554a68530182680ad5c8b042c3ab563,35850.78999999999,247,81,67,148
7681ef142fd2c19048da7430856b5588,34857.93,59,82,193,275
70eea00b476a314817cefde4aad4f89a,34764.17,108,83,146,229
5c243662ce92d84573bfaff24c3e3700,34637.659999999996,98,84,155,239
001cca7ae9ae17fb1caed9dfb1094831,33934.17,200,85,87,172
e59aa562b9f8076dd550fcddf0e73491,33803.97,70,86,182,268
1900267e848ceeba8fa32d80c1a5f5a8,33120.59,411,87,30,117
9f505651f4a6abe901a56cdc21508025,32391.860000000004,397,88,33,121
d1c281d3ae149232351cd8c8cc885f0d,32339.059999999998,215,89,78,167
0b90b6df587eb83608a64ea8b390cf07,32207.640000000003,164,90,103,193
59b22a78efb79a4797979612b885db36,32082.069999999996,125,91,133,224
d23019c84ffae2d5ef2270367b8605fc,31954.839999999997,39,92,213,305
a3a38f4affed601eb87a97788c949667,31775.270000000004,254,93,65,158
8b321bb669392f5163d04c59e235e066,31692.05,943,94,12,106
900ba814c251a692506d7834c1218441,31467.94,88,95,165,260
16090f2ca825584b5a147ab24aa30c86,31173.110000000008,402,96,32,128
d2374cbcbb3ca4ab1086534108cc3ab7,30817.80000000001,524,97,24,121
12b9676b00f60f3b700e83af21824c0e,30342.689999999995,135,98,125,223
7e1fb0a3ebfb01ffb3a7dae98bf3238d,30335.93,159,99,107,206
897060da8b9a21f655304d50fd935913,29887.47,317,100,52,152
c003204e1ab016dfa150abc119207b24,29850.890000000003,197,101,89,190
b32be1695eb7ec5f10f72d9610a12527,29831.019999999997,45,102,207,309
de23c3b98a88888289c6f5cc1209054a,29081.809999999998,164,103,103,206
dc4a0fc896dc34b0d5bfec8438291c80,28795.090000000004,231,104,71,175
a416b6a846a11724393025641d4edd5e,28670.52,162,105,104,209
710e3548e02bc1d2831dfc4f1b5b14d4,27855.07,136,106,124,230
1c68394e931a64f90ea236c5ea590300,27729.16,142,107,119,226
1a3df491d1c4f1589fc2b934ada68bf2,27594.120000000003,167,108,100,208
f62d7bb4a613ec758a03342d46b580b2,26790.59,32,109,220,329
b94cc9f10ddc85e4ba73a6f7974e7101,26368.489999999998,39,110,213,323
7ad32824caee82087b3e2e5f33b1bf32,26050.319999999996,151,111,114,225
8f2ce03f928b567e3d56181ae20ae952,25550.010000000002,153,112,112,224
729f06993dac8e860d4f02d7088ca48a,25479.649999999994,96,113,157,270
f45122a9ab94eb4f3f8953578bc0c560,25404.13,187,114,92,206
612170e34b97004b3ba37eae81836b4c,25372.08,107,115,147,262
b1b3948701c5c72445495bd161b83a4c,25185.489999999998,18,116,234,350
8444e55c1f13cd5c179851e5ca5ebd00,24951.269999999997,99,117,154,271
2b3e4a2a3ea8e01938cabda2a3e5cc79,24535.1,52,118,200,318
b37c4c02bda3161a7546a4e6d222d5b2,24487.6,4,119,248,367
744dac408745240a2c2528fb1b6028f3,24385.020000000004,79,120,173,293
06e5eefc71ec47ae763c5c6f8db7064f,24381.839999999997,92,121,161,282
85d9eb9ddc5d00ca9336a2219c97bb13,24029.58,509,122,26,148
40db9e9aa57f7bb151bcda6b0f9bdbb7,23823.989999999998,12,123,240,363
05ff92fedb5be47920fea08e501238b9,23808.170000000002,59,124,193,317
0dd184061fb0eaa7ca37932c68ab91c5,23766.420000000002,161,125,105,230
59fb871bf6f4522a87ba567b42dafecf,23754.760000000002,126,126,132,258
ff69aa92bb6b1bf9b8b7a51c2ed9cf8b,23695.2,20,127,232,359
00ee68308b45bc5e2660cd833c3f81cc,23440.659999999996,135,128,125,253
7b0df942f46435babab05d49b744b2c4,23272.780000000002,32,129,220,349
004c9cd9d87a3c30c522c48c4fc07416,23263.94,158,130,108,238
f457c46070d02cadd8a68551231220dd,22807.220000000005,199,131,88,219
bfd27a966d91cfaafdb25d076585f0da,22645.049999999996,117,132,139,271
48162d548f5b1b11b9d29d1e01f75a61,22592.17,68,133,184,317
dc317f341ab0e22f39acbd9dbf9b4a1f,22570.129999999997,55,134,197,331
44073f8b7e41514de3b7815dd0237f4f,21901.93,144,135,117,252
128639473a139ac0f3e5f5ade55873a5,21694.45000000001,533,136,22,158
0c8380b62e38e8a1e6adbeba7eb9688c,21455.829999999998,182,137,93,230
41b39e28db005d9731d9d485a83b4c38,21042.909999999996,195,138,90,228
cd68562d3f44870c08922d380acae552,20777.19,125,139,133,272
821fb029fc6e495ca4f08a35d51e53a5,20740.25,28,140,224,364
54a1852d1b8f10312c55e906355666ee,20614.399999999998,200,141,87,228
7aa4334be125fcdd2ba64b3180029f14,20603.329999999998,217,142,76,218
86ccac0b835037332a596a33b6949ee1,20588.6,180,143,94,237
fa40cc5b934574b62717c68f3d678b6d,20586.769999999997,307,144,55,199
76d64c4aca3a7baf218bf93ef7fa768d,20455.289999999997,64,145,188,333
96493fab2fbb13a14d0c0e8772eef5c3,20181.230000000003,63,146,189,335
d650b663c3b5f6fb392b6326366efa9a,20153.04,60,147,192,339
2a5b78b41cd05baeac8df54c6606b92c,20132.829999999998,49,148,203,351
1e8b33f18b4f7598d87f5cbee2282cc2,20011.300000000003,123,149,135,284
527801b552d0077ffd170872eb49683b,20005.359999999997,90,150,163,313
c33847515fa6305ce6feb1e818569f13,19894.260000000002,114,151,142,293
4b9750c8ad28220fe6702d4ecb7c898f,19305.1,218,152,75,227
9de4643a8dbde634fe55621059d92273,19282.41,72,153,180,333
2a84855fd20af891be03bc5924d2b453,19270.609999999993,164,154,103,257
79ebd9a61bac3eaf882805ed4ecfa12a,19105.14,136,155,124,279
165fc07beebdcb6190fba8a06db2a449,19081.43,50,156,202,358
4c2b230173bb36f9b240f2b8ac11786e,18989.839999999997,261,157,62,219
a888faf2d1baececa6baf9c3d603ee1f,18887.32,54,158,198,356
213b25e6f54661939f11710a6fddb871,18839.96,155,159,110,269
c72de06d72748d1a0dfb2125be43ba63,18733.18,21,160,231,391
94144541854e298c2d976cb893b81343,18715.65,68,161,184,345
ef0ace09169ac090589d85746e3e036f,18538.949999999997,129,162,130,292
4a3ccda38b2129705f3fb522db62ca31,18494.93,66,163,186,349
0adac9fbd9a2b63cccaac4f8756c1ca8,18460.22,110,164,144,308
2138ccb85b11a4ec1e37afbd1c8eda1f,18426.250000000004,396,165,34,199
abe42c5d03695b4257b5c6cbf4e6784e,18158.23,50,166,202,368
229c3efbfb0ea2058de4ccdfbc3d784a,18106.57,121,167,137,304
1b4c3a6f53068f0b6944d2d005c9fc89,17791.67,113,168,143,311
8ae520247981aa06bc94abddf5f46d34,17766.339999999997,65,169,187,356
01fdefa7697d26ad920e9e0346d4bd1b,17690.07,129,170,130,300
66922902710d126a0e7d26b0e3805106,17581.07,151,171,114,285
d921b68bf747894be13a97ae52b0f386,17403.809999999998,77,172,175,347
5cf13accae3222c70a9cac40818ae839,17402.47,149,173,115,288
ce248b21cb2adc36282ede306b7660e5,17296.95,65,174,187,361
e5a38146df062edaf55c38afa99e42dc,17254.589999999997,121,175,137,312
d94a40fd42351c259927028d163af842,17220.940000000002,101,176,153,329
c3acdfac4e3e97ff87529454fbc03642,17057.280000000002,12,177,240,417
6d66611d7c44cc30ce351abc49a68421,16854.370000000003,166,178,101,279
2e90cb1677d35cfe24eef47d441b7c87,16782.16,127,179,131,310
669ae81880e08f269a64487cfb287169,16621.46,162,180,104,284
f9244d45189d3a3605499abddeade7d5,16607.42,21,181,231,412
1f1bb1f0859883505541bdd6606193e5,16562.870000000003,27,182,225,407
3b15288545f8928d3e65a8f949a28291,16513.69,104,183,150,333
6061155addc1e54b4cfb51c1c2a32ad8,16513.31,28,184,224,408
a673821011d0cec28146ea42f5ab767f,16490.139999999996,129,185,130,315
75d34ebb1bd0bd7dde40dd507b8169c3,16479.510000000002,62,186,190,376
c847e075301870dd144a116762eaff9a,16460.78,42,187,210,397
a3e9a2c700480d9bb01fba070ba80a0e,16323.89,130,188,129,317
cfb1a033743668a192316f3c6d1d2671,16236.199999999999,147,189,116,305
8e6d7754bc7e0f22c96d255ebda59eba,16212.51,85,190,168,358
87b740daf17b5d1be335a64164ec6842,16182.38,13,191,239,430
a5cba26a62b8b4d0145b68b841e62e7f,16120.66,54,192,198,390
6edacfd9f9074789dad6d62ba7950b9c,16087.6,208,193,82,275
6039e27294dc75811c0d8a39069f52c0,16047.170000000002,64,194,188,382
1f9ab4708f3056ede07124aad39a2554,16043.510000000002,78,195,174,369
440dd6ab244315c632130ecfb63827b1,15793.210000000001,94,196,159,355
ac3508719a1d8f5b7614b798f70af136,15792.230000000001,103,197,151,348
701938c450705b8ae65fc923b70f35c7,15792.119999999999,75,198,177,375
05f51e13da97139648b8125c31e5f51b,15788.3,60,199,192,391
530ec6109d11eaaf87999465c6afee01,15640.21,97,200,156,356
289cdb325fb7e7f891c38608bf9e0962,15639.29,110,201,144,345
b8bc237ba3788b23da09c0f1f3a3288c,15621.160000000002,45,202,207,409
a7f13822ceb966b076af67121f87b063,15595.119999999999,75,203,177,380
c31eff8334d6b3047ed34bebd4d62c36,15586.05,122,204,136,340
080199a181c46c657dc5aa235411be3b,15544.880000000001,79,205,173,378
aba1721a889e04decc910aa13b768ef4,15352.47,83,206,170,376
431af27f296bc6519d890aa5a05fdb11,15250.849999999999,117,207,139,346
e2a1ac9bf33e5549a2a4f834e70df2f8,15200.559999999998,5,208,247,455
c6bda72e4dbf5c5866b13cb1810c6d03,15196.12,59,209,193,402
48436dade18ac8b2bce089ec2a041202,15183.640000000001,138,210,122,332
cf8ab1616079e2793aa29d524df01bb1,15150.369999999999,9,211,243,454
2e1c9f22be269ef4643f826c9e650a52,15122.369999999999,167,212,100,312
0ea22c1cfbdc755f86b9b54b39c16043,15075.310000000001,237,213,70,283
a6bd7d1ccdac48c6b33b28596b7eb122,15046.630000000001,16,214,236,450
0b35c634521043bf4b47e21547b99ab5,15008.74,51,215,201,416
1ca7077d890b907f89be8c954a02686a,15001.430000000002,115,216,141,357
9e6229250fedbe05838fef417b74e7fb,14986.650000000003,74,217,178,395
00fc707aaaad2d31347cf883cd2dfe10,14969.99,103,218,151,369
ef506c96320abeedfb894c34db06f478,14968.43,324,219,49,268
d50d79cb34e38265a8649c383dcffd48,14944.680000000002,70,220,182,402
e26901d5ab434ce92fd9b5c256820a4e,14938.880000000003,202,221,85,306
e8b3a3a38279a82f0e5d006d5e5b7d2c,14916.39,87,222,166,388
ce7d1888639e6fb06b2749cbfdac1ff7,14876.54,78,223,174,397
813348c996469b40f2e028d5429d3495,14800.430000000002,179,224,95,319
2b1a40c1daabc6ca280c4b815c101841,14634.880000000001,23,225,229,454
d05ae8f7a5bd1d2a690a44cd079e4e27,14595.430000000002,78,226,174,400
f08a5b9dd6767129688d001acafc21e5,14565.74,11,227,241,468
240b9776d844d37535668549a396af32,14452.650000000001,36,228,216,444
610f72e407cdd7caaa2f8167b0163fd8,14429.45,16,229,236,465
34d1ca11b242c0fee2c834ae8d788566,14404.279999999999,40,230,212,442
0be8ff43f22e456b4e0371b2245e4d01,14384.650000000001,161,231,105,336
8d956fec2e4337affcb520f56fd8cbfd,14343.140000000001,211,232,80,312
d6b1ce66b035a475f00c017792ff9769,14315.879999999997,92,233,161,394
cab85505710c7cb9b720bceb52b01cee,14295.24,206,234,83,317
99eaacc9e6046db1c82b163c5f84869f,14274.52,66,235,186,421
95e03ca3d4146e4011985981aeb959b9,14243.5,175,236,97,333
80e6699fe29150b372a0c8a1ebf7dcc8,14154.900000000001,98,237,155,392
ad97a199236354e53fcd91a5a913e9a2,14074.7,17,238,235,473
ff063b022a9a0aab91bad2c9088760b7,14061.27,94,239,159,398
e24fc9fcd865784fb25705606fe3dfe7,13966.709999999997,52,240,200,440
7202e2ba20579a9bd1acb29e61fe71f6,13916.16,53,241,199,440
5a8e7d5003a1f221f9e1d6e411de7c23,13866.19,139,242,121,363
8cc6a0e5738e61a87b03c78b2ba9db4b,13838.220000000001,24,243,228,471
b372ee768ed69e46ca8cdbd267aa7a38,13813.840000000002,63,244,189,433
6cd68b3ed6d59aaa9fece558ad360c0a,13718.46,149,245,115,360
adbc26658d6c7b4b6219f9d934598091,13692.25,88,246,165,411
c66dccfb3f109511246da627dd5a2498,13682.25,45,247,207,454
c8b0e2b0a7095e5d8219575d5e7e1181,13657.34,84,248,169,417
c60b801f2d52c7f7f91de00870882a75,13652.89,41,249,211,460
056b4ada5bbc2c50cc7842547dda6b51,13639.410000000002,65,250,187,437
5d378b73ab7dd6f0418d743e5dcb0bd1,13636.279999999999,7,251,245,496
6e386f64c84e482f0b9abf960797ee1b,13563.66,30,252,222,474
70c27847eca8195c983ed7e798c56743,13529.180000000002,77,253,175,428
1d8dbc4f32378d715c717c1c1fc57bae,13421.050000000001,92,254,161,415
25e6ffe976bd75618accfe16cefcbd0d,13396.85,108,255,146,401
ed4acab38528488b65a9a9c603ff024a,13369.76,32,256,220,476
09f952a5f58d2285b0372551ae8f9b01,13346.460000000001,50,257,202,459
039e6ad9dae79614493083e241147386,13273.42,5,258,247,505
c510bc1718f0f2961eaa42a23330681a,13211.87,13,259,239,498
ca3bd7cd9f149df75950150d010fe4a2,13171.369999999999,71,260,181,441
54965bbe3e4f07ae045b90b0b8541f52,13164.84,78,261,174,435
23d7c96d4a1160db1c726b248601b25a,13146.52,53,262,199,461
d1b65fc7debc3361ea86b5f14c68d2e2,13141.800000000003,40,263,212,475
562fc2f2c2863ab7e79a9e4388a58a14,13119.339999999998,260,264,63,327
8b8cfc8305aa441e4239358c9f6f2485,13110.7,15,265,237,502
5058e8c1e82653974541e83690655b4a,13077.93,63,266,189,455
1da3aeb70d7989d1e6d9b0e887f97c23,13055.36,265,267,61,328
ce27a3cc3c8cc1ea79d11e561e9bebb6,13011.87,135,268,125,393
f262cbc1c910c83959f849465454ddd3,12989.85,192,269,91,360
66e0557ecc2b4dbea057e93f215f68d8,12977.99,31,270,221,491
4830e40640734fc1c52cd21127c341d4,12970.019999999999,210,271,81,352
7040e82f899a04d1b434b795a43b4617,12955.98,212,272,79,351
b499c00f28f4b7069ff6550af8c1348a,12905.080000000002,152,273,113,386
b4f8921fcc4ff77b66bea6dda43dcd51,12863.41,18,274,234,508
dd2bdf855a9172734fbc3744021ae9b9,12853.88,108,275,146,421
ccb83a794700270fde70898fe9ff368b,12785.73,12,276,240,516
c9c7905cffc4ef9ff9f113554423e671,12766.710000000001,127,277,131,408
fbc14c0cf93505ef89f64665ffa4a7b5,12758.93,18,278,234,512
f3b80352b986ab4d1057a4b724be19d0,12692.73,87,279,166,445
7ea5bfa6c340f58f8e71fc1f0412b0d6,12663.880000000001,98,280,155,435
d71d863e5ef30d94e440c11be17dcd8f,12655.65,29,281,223,504
72c5da29406b4234927b81855e7b64f6,12652.470000000001,31,282,221,503
1c129092bf23f28a5930387c980c0dfc,12589.29,201,283,86,369
c4f7fee5b0db50e87766f5a4d1b1b758,12533.599999999999,8,284,244,528
7901646fdd36a55f564ffaf2dbccaaf7,12478.83,22,285,230,515
82e0a475a88cc9595229d8029273f045,12415.920000000002,42,286,210,496
5343d0649eca2a983820bfe93fc4d17e,12393.23,71,287,181,468
6973a06f484aacf400ece213dbf3d946,12374.619999999999,95,288,158,446
c864036feaab8c1659f65ea4faebe1da,12299.77,58,289,194,483
33a6f4b1e7cdc205511e76ba1b6e0186,12183.909999999998,105,290,149,439
17ca9b9e9b9ef8fdb529001b49ebb50f,12120.719999999998,116,291,140,431
f80edd2c5aaa505cc4b0a3b219abf4b8,12108.94,119,292,138,430
dd7ddc04e1b6c2c614352b383efe2d36,12072.0,122,293,136,429
4e7c18b98d84e05cbae3ff0ff03846c2,12053.879999999997,82,294,171,465
c4d51195486dc781531876a7d00453d8,12038.35,17,295,235,530
bba3293d6f5d5af2f415e004e8b93ae3,12028.79,17,296,235,531
bd23da7354813347129d751591d1a6e2,12011.130000000001,89,297,164,461
9d5a9018aee56acb367ba9c3f05d1d6a,11982.210000000001,67,298,185,483
8b28d096634035667e8263d57ba3368c,11967.15,143,299,118,417
31344c16881c08a8a72c6d2eb29918c1,11912.619999999999,43,300,209,509
fffd5413c0700ac820c7069d66d98c89,11896.04,60,301,192,493
32b8764b4ef628b53608fc34011fcc13,11854.42,36,302,216,518
01cf7e3d21494c41fb86034f2e714fa1,11738.179999999998,61,303,191,494
aaed1309374718fdd995ee4c58c9dfcd,11708.02,105,304,149,453
aafe36600ce604f205b86b5084d3d767,11673.199999999999,129,305,130,435
9b013e03b2ab786505a1d3b5c0756754,11631.609999999997,174,306,98,404
36a968b544695394e4e9d7572688598f,11628.87,154,307,111,418
3db66a856d18a9cba7c9241fc5221c50,11522.66,94,308,159,467
0df3984f9dfb3d49ac6366acbd3bbb85,11520.21,87,309,166,475
9d4db00d65d7760644ac0c14edb5fd86,11512.81,98,310,155,465
92eb0f42c21942b6552362b9b114707d,11492.669999999998,341,311,42,353
6c7d50c24b3ccd2fd83b44d8bb34e073,11470.189999999999,114,312,142,454
5656537e588803a555b8eb41f07a944b,11442.96,174,313,98,411
cbd996ad3c1b7dc71fd0e5f5df9087e2,11284.96,165,314,102,416
259f7b5e6e482c230e5bfaa670b6bb8f,11265.25,138,315,122,437
81a1104df0f08b59c68aa5b03cfe398e,11235.27,73,316,179,495
ea566164622c6b439516ab18062c42cd,11167.980000000001,50,317,202,519
066a6914e1ebf3ea95a216c73a986b91,11115.95,68,318,184,502
e5a3438891c0bfdb9394643f95273d8e,11112.620000000003,224,319,73,392
0db783cfcd3b73998abc6e10e59a102f,11076.55,132,320,127,447
7b07b3c7487f0ea825fc6df75abd658b,11074.640000000001,93,321,160,481
1c5e4e49b9079480255b49d50aac1aa9,11062.72,12,322,240,562
624f4ece8da4aafb77699233d480f8ef,10927.37,53,323,199,522
06532f10282704ef4c69168b914b77be,10918.74,8,324,244,568
18a349e75d307f4b4cc646a691ed4216,10909.560000000001,121,325,137,462
7008613ea464bad5cb9b83456e1e6a8f,10860.05,127,326,131,457
73a63f72308aa20a46f4b1632018f196,10785.79,29,327,223,550
054694fa03fe82cec4b7551487331d74,10703.749999999998,21,328,231,559
5882820ef11c4c068eea0677a7a879b4,10664.810000000001,14,329,238,567
b92e3c8f9738272ff7c59e111e108d7c,10645.3,62,330,190,520
cb8bcce248bb1fb274ba762d8b971456,10635.02,68,331,184,515
9596c870880d900012f2e8e6e30d06d7,10615.33,22,332,230,562
17306570e772e7718c92a562d33f5f1d,10600.630000000001,29,333,223,556
a49928bcdf77c55c6d6e05e09a9b4ca5,10574.25,98,334,155,489
7b1222c3624aa89b9558b50a2594188c,10561.09,22,335,230,565
048c2757535328e0d7dac690ad3c0aae,10551.060000000001,51,336,201,537
f27e33c6d29b5138fa9967bcd445b6d5,10482.25,93,337,160,497
5b8154610ebb21fb90eb587365e673df,10474.98,38,338,214,552
0bae85eb84b9fb3bd773911e89288d54,10406.4,137,339,123,462
b2ac621f0d0322434d04a12b078b9369,10356.890000000001,30,340,222,562
e96498ed8daaa3e9c23f7a62da76591c,10332.19,34,341,218,559
febab0275244b9a49a623f0bd613ca2f,10289.17,109,342,145,487
8e8a7ce9f2f970dc00e2acf6f6e199f6,10284.82,65,343,187,530
b1a81260566c1bac3114a6d124413f27,10250.2,51,344,201,545
972d0f9cf61b499a4812cf0bfa3ad3c4,10240.59,83,345,170,515
d98eec89afa3380e14463da2aabaea72,10225.310000000001,168,346,99,445
b1fc4f64df5a0e8b6913ab38803c57a9,10140.990000000002,107,347,147,494
5f2684dab12e59f83bef73ae57724e45,10123.06,68,348,184,532
3c487ae8f8d7542beff5788e2e0aea83,10105.349999999999,30,349,222,571
961dff0a659b4561334372337dd897d9,10082.560000000001,4,350,248,598
05feb94f19d094d4b0f9281f0b1d4c99,10050.04,6,351,246,597
640e21a7d01df7614a3b4923e990d40c,10045.119999999999,116,352,140,492
e7df4cd29ab5abab70fb0783ddb53987,10022.07,23,353,229,582
7a241947449cc45dbfda4f9d0798d9d0,10018.1,62,354,190,544
270297ead4c65a6cd2593960d2af6b21,9968.5,18,355,234,589
6d803cb79cc31c41c4c789a75933b3c7,9925.07,58,356,194,550
7d456afc660226829370f3173d14520c,9857.869999999999,56,357,196,553
2dee2ce60de9709b1a24083217181a1f,9844.560000000001,54,358,198,556
a00824eb9093d40e589b940ec45c4eb0,9779.46,3,359,249,608
3078096983cf766a32a06257648502d1,9700.9,59,360,193,553
4371b634e0efc0e22b09b52907d9d469,9678.789999999999,102,361,152,513
ebd2d60905fb58271facef5596b620d3,9675.02,84,362,169,531
d03698c2efd04a549382afa6623e27fb,9644.619999999999,18,363,234,597
6c12e40690c335dbc2f68a4134d30dc1,9624.259999999998,16,364,236,600
06df0c10d34e459d9672bc77388742eb,9595.77,26,365,226,591
db2956745b3a8e9f3785c99f34b5d25e,9574.27,47,366,205,571
2089a6d640999f9b9141ac719b2af596,9525.939999999999,44,367,208,575
8a432f4e5b471f8da497d7dc517666e2,9520.109999999999,95,368,158,526
aac29b1b99776be73c3049939652091d,9465.52,98,369,155,524
33a17d60c64393351ebf1ef860f4e0f2,9431.86,43,370,209,579
37515688008a7a40ac93e3b2e4ab203f,9417.699999999997,228,371,72,443
750303a20e9c56b2a6bc45cdce0b897d,9394.810000000001,54,372,198,570
6c177e38df6d3f34182b1f1d427231bf,9376.53,55,373,197,570
af4a0e4cfe1d9c26b6712b1be25a72e5,9351.6,21,374,231,605
fdb9095204a334cd8872252ffec6f2db,9289.37,46,375,206,581
609e1a9a6c2539919b8205cf7c4e6ff0,9282.419999999998,87,376,166,542
ad781527c93d00d89a11eecd9dcad7c1,9279.26,44,377,208,585
a2e874074c877c5a05abae80ad6e488f,9274.800000000001,44,378,208,586
fcb5ace8bcc92f75707dc0f01a27d269,9273.33,62,379,190,569
b18dc380845b24038cfc48006478f099,9248.93,44,380,208,588
93dc87703c046b603023e75222018b45,9206.29,35,381,217,598
4bfc7a4a1cf8d4d2121c27422d9e50b5,9191.59,26,382,226,608
b4ffb71f0cb1b1c3d63fad021ecf93e1,9176.070000000002,144,383,117,500
725c32fa80c2faacc4fc88450d27314e,9166.66,89,384,164,548
7722b1df1b0e383e000397b2c11e3e19,9165.300000000001,134,385,126,511
403aa86912527d730337ffcb0fb096ab,9164.509999999998,11,386,241,627
bd0389da23d89b726abf911cccc54596,9128.470000000001,87,387,166,553
8e6cc767478edae941d9bd9eb778d77a,9115.41,106,388,148,536
903037660cf848a717166eb7a06d616e,9083.279999999999,45,389,207,596
08633c14ef2db992c11f840f04fad4cd,9068.82,74,390,178,568
52d76513f0c4d97f3b99570e2c94ee31,9042.359999999999,19,391,233,624
0432ead42b6c8a0bdf68154add917fdf,8999.619999999999,85,392,168,560
8648b1e89e9b349e32d3741b30ec737e,8946.05,95,393,158,551
26d8a1c7c75d513045798992ead43aa2,8945.779999999999,36,394,216,610
784ba75dd9d20200c4caed3d7a77141a,8924.949999999999,21,395,231,626
989becdce12ebc39863c2bceab6f3ca1,8893.33,18,396,234,630
6fd52c528dcb38be2eea044946b811f8,8881.58,67,397,185,582
257e61d3251fb5efb9daadddbc2cf7ca,8806.18,12,398,240,638
5d0363b33554b373851fc1622e4d5f3c,8802.97,94,399,159,558
5b925e1d006e9476d738aa200751b73b,8801.84,63,400,189,589
4e17c65a516f69d023a2ae78b84f28d6,8794.800000000001,61,401,191,592
8a32e327fe2c1b3511609d81aaf9f042,8792.04,132,402,127,529
dbb9b48c841a0e39e21f98e1a6b2ec3e,8768.26,108,403,146,549
b410bdd36d5db7a65dcd42b7ead933b8,8733.61,44,404,208,612
062ce95fa2ad4dfaedfc79260130565f,8721.44,55,405,197,602
e333046ce6517bd8bb510291d44f0130,8699.32,68,406,184,590
1da366cade6d8276e7d8beea7af5d4bf,8673.73,43,407,209,616
1127b7f2594683f2510f1c2c834a486b,8673.039999999999,114,408,142,550
ececbfcff9804a2d6b40f589df8eef2b,8661.060000000001,98,409,155,564
397c4d0c005b6f41f90098ac724e28cb,8622.369999999999,5,410,247,657
bbf9ad41dca6603e614efcdad7aab8c4,8622.26,14,411,238,649
2c9e548be18521d1c43cde1c582c6de8,8603.05,126,412,132,544
3bb548e3cb7f70f28e3f11ee9dce0e59,8586.810000000001,46,413,206,619
058fd0aa2bfdb2274e05e1ae971dabb6,8555.800000000001,61,414,191,605
a420f60ff1aa9acc80d0e42959f2b313,8543.27,67,415,185,600
cc63f0dd2acba93ffed4fe9f8e0321fa,8496.68,55,416,197,613
67883baaae6134ee81b271a542613728,8496.02,19,417,233,650
52f976b17ea7f2f087f56dcc419328f6,8492.65,6,418,246,664
42bde9fef835393bb8a8849cb6b7f245,8487.84,35,419,217,636
86bb7c4b535e49a541baf3266b1c95b1,8487.22,16,420,236,656
8fb791022c1fc8909664f48ab7dc636d,8483.35,5,421,247,668
d51e0a403fe2e689ece6c73359d96e12,8463.019999999999,19,422,233,655
4aba391bc3b88717ce08eb11e44937b2,8435.210000000001,29,423,223,646
282f23a9769b2690c5dda22e316f9941,8386.96,99,424,154,578
6a51fc556dab5f766ced6fbc860bc613,8370.25,26,425,226,651
6bd69102ab48df500790a8cecfc285c2,8359.02,5,426,247,673
381c83fdca332ea6afd896da20bf6e4a,8355.009999999998,46,427,206,633
e2aee0892199b1d92530e371abd825bf,8317.29,38,428,214,642
aced59e9b31ef866a94f9e7f29d8d418,8315.8,61,429,191,620
c26a2be5b53b7db6b276280da212a779,8288.85,13,430,239,669
54065e9aef7e9e9c2dc23b7594db021a,8283.43,14,431,238,669
34056b8b55c1775a22af2331670a799c,8229.89,78,432,174,606
6a8b085f816a1f75f92dbac6eb545f8f,8196.96,127,433,131,564
dbdd0ec73a4817971d962698f2fea022,8174.8,16,434,236,670
e0a366315b1b726b6c7832d664c0f530,8145.169999999999,43,435,209,644
cee48807215b30a12ca2ca10ffb5f250,8125.519999999999,39,436,213,649
b14db04aa7881970e83ffa9426897925,8123.95,83,437,170,607
7bac63f6603d382cc8d0832eb6c100a8,8114.599999999999,19,438,233,671
8476243f92442881ddd5b578975cf115,8113.03,12,439,240,679
516e7738bd8f735ac19a010ee5450d8d,8109.32,76,440,176,616
b347677812ea483b0f528eaf8cbc09b7,8051.34,21,441,231,672
670c26e0f1bf8d0576271d5cfaec6d2b,8035.63,78,442,174,616
d13e50eaa47b4cbe9eb81465865d8cfc,8012.840000000001,67,443,185,628
11305281b50fff20ae8bb473f8e11876,7973.21,35,444,217,661
dee656f0f566ed1aa85bd137c943f08f,7968.67,93,445,160,605
f84a00e60c73a49e7e851c9bdca3a5bb,7951.759999999998,90,446,163,609
6fa9202c10491e472dffd59a3e82b2a3,7939.249999999999,3,447,249,696
080102cd0a76b09e0dcf55fcacc60e05,7912.709999999999,124,448,134,582
58f1a6197ed863543e0136bdedb3fce2,7903.6900000000005,44,449,208,657
688756f717c462a206ad854c5027a64a,7901.450000000001,83,450,170,620
f1fd5ab1181f827ffad998c1a5de7d74,7877.960000000001,15,451,237,688
fa1a9dec3a9940c072684a46728bf1fc,7875.710000000001,55,452,197,649
bacb1f0ed56ad24198f5810d2b3fe9a5,7833.390000000001,42,453,210,663
6b243f80ed07b10f0e8aa0f21a205f3c,7807.4,79,454,173,627
f25e239052084705e17a982bc600ab2a,7785.4800000000005,8,455,244,699
d624126b9206f595fb3fbb6ba03b28a8,7768.5,23,456,229,685
8c16d1f32a54d92897cc437244442e1b,7754.67,108,457,146,603
512d298ac2a96d1931b6bd30aa21f61d,7723.87,11,458,241,699
87e24fc7052259b1f7f607d61c10d8be,7709.859999999999,8,459,244,703
751bdc4d83a466c7206cd42e8f426b03,7703.74,54,460,198,658
dd55f1bb788714a40e7954c3be6df745,7701.18,35,461,217,678
376a891762bbdecbc02b4b6adec3fdda,7693.630000000001,57,462,195,657
014c0679dd340a0e338872e7ec85666a,7686.3099999999995,14,463,238,701
d9bd94811c3338dceb4181f3dbc0c73e,7682.11,54,464,198,662
83e197e95a1bbabc8c75e883ed016c47,7680.0599999999995,47,465,205,670
ff1fb4c404b2efe68b03350a8dc24122,7666.95,46,466,206,672
63b464dbf392c7b80d12d932fa7cafed,7662.250000000001,37,467,215,682
54219883e72aad869adfb2a54b7bfa0f,7579.55,5,468,247,715
31ae0774c17fabd06ff707cc5bde005f,7570.67,11,469,241,710
57e632711dec9ec14ca7546769483e7e,7558.040000000001,62,470,190,660
f46490624488d3ff7ce78613913a7711,7550.669999999999,83,471,170,641
30829ded4523ab9224b93bc49a62c95f,7549.71,18,472,234,706
b19f3ca2ea475913750f25a5c37c8d8f,7549.55,24,473,228,701
9616352088dcf83a7c06637f4ebf1c80,7490.57,92,474,161,635
3340ef1913fb70d28420f6ceb685c339,7481.55,32,475,220,695
ade45994b717ccee333492330fbf037b,7479.63,10,476,242,718
e5e33c0d8e7e002f398f5dc4cbbb338f,7477.330000000001,28,477,224,701
679769a98cfcc6da877c8486ff1c13f3,7467.390000000001,21,478,231,709
ba143b05f0110f0dc71ad71b4466ce92,7453.589999999998,85,479,168,647
a4b6b9b992b46e9ef863637af96e04bc,7452.36,7,480,245,725
7dc8c42cc750eeafea6c85712ffee9bf,7445.090000000001,41,481,211,692
05d2173d43ea568aa0540eba70d2ca76,7438.9299999999985,62,482,190,672
5b67882648febfb6e1225e6ad7164f6b,7432.42,27,483,225,708
0873d9f8f36123f8d910f4760e788cfb,7426.65,6,484,246,730
2a261b5b644fa05f4f2700eb93544f2c,7396.73,51,485,201,686
0691148aee60ca47977c187804f935ae,7359.45,47,486,205,691
6f892e20a171e98efe17fdb971ff319b,7342.860000000001,44,487,208,695
b8630e1121437d41cb08e3c749c2c2e2,7334.1,12,488,240,728
b3b17aab11f273023a5f22ca52e1eb70,7325.349999999999,7,489,245,734
40d54b51e962dbe09cabbcfd33298dee,7323.25,30,490,222,712
3ade81dab5a172b88e1871c28ae05260,7302.990000000001,30,491,222,713
4c03b9dd4c11ee2cb35c96c49efc9420,7302.33,48,492,204,696
bd4889b5e9133b35b66e42a8665cea5c,7256.540000000001,36,493,216,709
3be634553519fb6536a03e1358e9fdc7,7226.65,83,494,170,664
cfa5ab0e4d3fc212fd0b3410e7081c62,7219.8099999999995,16,495,236,731
5670f4db5b62c43d542e1b2d56b0cf7c,7212.65,22,496,230,726
02f623a8eb246f3c5f7c2f96462654e6,7207.630000000001,44,497,208,705
ff4ea69c2a729e83e63c7579e4ef8170,7188.619999999999,9,498,243,741
455c5640e8c5bd1b2ee85c0158f85727,7186.889999999999,8,499,244,743
ea67327e24487bdfac5fbfa37ea124df,7180.28,32,500,220,720
537eb890efff034a88679788b647c564,7178.900000000001,160,501,106,607
33dd941c27854f7625b968cc6195a552,7168.41,5,502,247,749
91f848e9f4be368f4318775aac733370,7168.16,63,503,189,692
4b5f66b7adcf57f1ecc0d3c07dd6b177,7115.96,23,504,229,733
e3b4998c7a498169dc7bce44e6bb6277,7114.6900000000005,3,505,249,754
e8b4225284fbb02d16f200513f1f395d,7086.129999999999,31,506,221,727
a63bfbaa882c8f4542891b4e2246cc7f,7036.1900000000005,7,507,245,752
67bf6941ba2f1fa1d02c375766bc3e53,7029.68,16,508,236,744
33c51922b6e3c16b24a8f28e5833c99d,7025.88,18,509,234,743
b2479f944e1b90cf8a5de1bbfde284d6,6992.22,103,510,151,661
b6d44737c043328708f6749c2dbe50bd,6935.200000000001,62,511,190,701
80ceebb4ee9b31afb6c6a916a574a1e2,6922.21,1,512,251,763
e9d99831abad74458942f21e16f33f92,6916.06,130,513,129,642
f12ff17ad8bbf01ec5c33b17e506649b,6892.73,29,514,223,737
50c9975695009e5e6473912e83a6d1da,6883.950000000001,50,515,202,717
2fdde51ad3e12f297da656d4fbd5d0b5,6874.14,10,516,242,758
0bf0150d5b9d60d9cd2906003332f085,6872.34,39,517,213,730
dfc5fb7259bb2b599ca565e6e9448f0f,6845.9800000000005,33,518,219,737
abe021b01ba992245271b9aa422032df,6837.24,2,519,250,769
eb3071b9f0b0ddaa2df5ea130f09f26b,6811.419999999999,9,520,243,763
bba74270a87732727b5a3b4fd9ac1c39,6760.4400000000005,36,521,216,737
3df020b72d3d44b3af9d110fa3940b65,6749.47,55,522,197,719
b4a476fbd28de64b1e347abf9089366a,6735.950000000001,33,523,219,742
ee27a8f15b1dded4d213a468ba4eb391,6726.66,1,524,251,775
98dac6635aee4995d501a3972e047414,6675.37,91,525,162,687
9baf5cb77970f539089d09a38bcec5c3,6673.400000000001,32,526,220,746
f4c4daa86e30c7e5a553a8d518ac03a5,6671.2,20,527,232,759
f181738b150df1f37cb0bd72e705b193,6632.75,36,528,216,744
4917cee8d902e13428c3ec4b1ca6f315,6621.54,33,529,219,748
45ba18c210d42734ec52c0c1c574e9ee,6562.09,38,530,214,744
dfa0c4c6229ab200a4a1336b4d7128ff,6544.210000000001,77,531,175,706
94e93ce877be27a515118dbfd2c2be41,6542.72,30,532,222,754
2528744c5ef5d955adc318720a94d2e7,6508.699999999999,5,533,247,780
dbd66278cbfe1aa1000f90a217ca4695,6472.7699999999995,85,534,168,702
0d85bbda9889ce1f7e63778d24f346eb,6469.7,51,535,201,736
23613d49c3ac2bd302259e55c06c050c,6460.759999999999,70,536,182,718
7d76b645482be4a332374e8223836592,6431.54,176,537,96,633
d6b664fa0667064c6d76394e7848d790,6404.34,6,538,246,784
02d35243ea2e497335cd0f076b45675d,6399.949999999999,14,539,238,777
52ac6f920b7280e4c6d30dd94de6259b,6383.89,6,540,246,786
fc906263ca5083d09dce42fe02247800,6383.280000000001,114,541,142,683
709e16e2b25c7474d980076c6bfc4806,6378.86,60,542,192,734
e62b2d6ac10570a035a30bafcf01d263,6375.47,62,543,190,733
1336efc61c316ddf92c899eb817f7cae,6355.289999999999,74,544,178,722
04aa0a1c5ce6b222003403a3e11c3cc0,6339.51,11,545,241,786
f84fa566034f5e8e880a07ec624c56af,6326.7,91,546,162,708
817245bcc3badd82bbd222e0366951a6,6303.08,29,547,223,770
9674754b5a0cb32b638cec001178f799,6284.83,86,548,167,715
83deb69e889cf80f82be1dc6d5f2d486,6276.65,40,549,212,761
afe0067131b73e40875c9b6c10bd2e21,6255.85,46,550,206,756
b39d7fe263ef469605dbb32608aee0af,6255.77,44,551,208,759
06579cb253ecd5a3a12a9e6eb6bf8f47,6226.610000000001,62,552,190,742
23c38debaffe4a25a30fdbd9b586a13f,6216.56,41,553,211,764
abcd2cb37d46c2c8fb1bf071c859fc5b,6200.619999999999,45,554,207,761
7e3f87d16fb353f408d467e74fbd8014,6193.7,92,555,161,716
575df70bde3f9f2b30bf8d2e9910d725,6163.42,27,556,225,781
1bb2bdb95f4841f1bba2c0d2cd83d3c9,6149.269999999999,81,557,172,729
0cbcee27c791afa0cdcb08587a2013a8,6141.3099999999995,39,558,213,771
d566c37fa119d5e66c4e9052e83ee4ea,6124.92,65,559,187,746
835f0f7810c76831d6c7d24c7a646d4d,6094.030000000001,44,560,208,768
d66c305afaec317ebee552073a674429,6085.7,41,561,211,772
f680f85bee2d253556ac91be391d2c82,6077.34,45,562,207,769
cc3d14116804f7209f3884f6367f1152,6060.59,27,563,225,788
8bb48dc19fccaa8613b6229bf7f452a2,6048.12,82,564,171,735
e067ad2c1c0b48758eb1b5228bcf7a68,6047.91,54,565,198,763
f67efa3f0b6761102a7f8c6b7b571f5d,6030.17,31,566,221,787
0176f73cc1195f367f7b32db1e5b3aa8,6020.11,38,567,214,781
c35affa65afd250151285c5917fc1c8a,5993.919999999999,9,568,243,811
9add47bf45ce8e8c7db6b9cf670b1e09,5987.280000000001,43,569,209,778
916c9de0b5ad957346eeeb12f332687e,5973.779999999999,23,570,229,799
f7496d659ca9fdaf323c0aae84176632,5932.509999999999,26,571,226,797
acce39e832338debb07b02385cde5967,5923.66,44,572,208,780
8b9d6eec4a7eb7d0f9d579ce0b38324d,5916.98,49,573,203,776
099095b050cfe8eb1ddff5317587e96e,5909.150000000001,17,574,235,809
e06f09ec0a4aca210779cf1cfc63cf19,5901.410000000001,29,575,223,798
3ab971ce71839580d2ae5b4e40fe8044,5899.05,36,576,216,792
2ff97219cb8622eaf3cd89b7d9c09824,5866.030000000001,89,577,164,741
3c7c4a49ec3c6550809089c6a2ca9370,5858.299999999999,141,578,120,698
5b179e9e8cc7ab6fd113a46ca584da81,5839.140000000001,34,579,218,797
30a2f535bb48308f991d0b9ad4a8c4bb,5815.359999999999,71,580,181,761
b561927807645834b59ef0d16ba55a24,5807.030000000001,85,581,168,749
bbad7e518d7af88a0897397ffdca1979,5800.419999999999,69,582,183,765
55d3daac7c404d59e51c2aa2f4dc5a23,5790.48,21,583,231,814
d63c73efd41eb002280e7ec831424edb,5766.59,2,584,250,834
c4af86330efa7a2620772227d2d670c9,5760.96,4,585,248,833
02ecc2a19303f05e59ce133fd923fff7,5742.400000000001,21,586,231,817
45d33f715e24d15a6ccf5c17b3a23e3c,5742.16,59,587,193,780
f789d2c4f2c2eb38fc4373e7a4b35264,5733.24,44,588,208,796
cac4c8e7b1ca6252d8f20b2fc1a2e4af,5722.540000000001,75,589,177,766
d20b021d3efdf267a402c402a48ea64b,5715.17,90,590,163,753
1a932caad4f9d804097d7f8e615baed1,5701.45,20,591,232,823
5bffbafbb22daf6d3bfc216a46db8708,5694.200000000001,21,592,231,823
822bad9bc42b51213ba522fe87b7ab5d,5687.34,18,593,234,827
582d4f8675b945722eda7c0cb61ba4c7,5683.93,59,594,193,787
fcdd820084f17e9982427971e4e9d47f,5665.739999999999,16,595,236,831
3f0e48d209018b466fcd3bb4ccfeb520,5654.799999999999,9,596,243,839
fad44952713764836814be105382aee5,5636.879999999999,32,597,220,817
2a7dc43cecabf23403078e2188437d1d,5629.620000000001,52,598,200,798
ad420dd0c4f92f8af951ac24b86d0cf5,5618.4,42,599,210,809
11bfa66332777660bd0640ee84d47006,5608.540000000001,76,600,176,776
e0878efa0e0b7e5313ac0b43bc04c081,5594.91,27,601,225,826
a3f0b55de503387383c7b1de3ad7f678,5577.740000000001,24,602,228,830
cc5a78bbad32776dc4e3af205218368c,5573.349999999999,33,603,219,822
ef990a83bbea832f36ebe81376335aa8,5557.240000000001,43,604,209,813
822166ed1e47908f7cfb49946d03c726,5535.949999999999,69,605,183,788
4bf2f4ee540798a61f9636d12cd9cc80,5501.010000000001,29,606,223,829
d379f449f2a3b271bc01c0782020f705,5499.799999999999,28,607,224,831
d673a59aac7a70d8b01e6902bf090a11,5499.56,79,608,173,781
834f8533b2ecb6598dd004ff3de7203a,5496.3099999999995,43,609,209,818
951e8cef368f09bb3f3d03c00ca4702c,5493.09,64,610,188,798
e9c6969d40e6a3d2d0f90013165c2b98,5481.98,10,611,242,853
4d0041cdbe51b4617d95c70b19decc74,5465.49,8,612,244,856
891071be6ba827b591264c90c2ae8a63,5454.349999999999,92,613,161,774
0ef83d7d83ed97cd2a0049ac8be5f88a,5447.810000000001,48,614,204,818
42b729f859728f5079499127a9c2ef37,5434.07,104,615,150,765
c68fb906c8f4b4b946d8386bfa6e5467,5433.61,45,616,207,823
8bd0f31cf0a614c658f6763bd02dea69,5423.320000000001,33,617,219,836
db4350fd57ae30082dec7acbaacc17f9,5421.639999999999,137,618,123,741
a3dd39f583bc80bd8c5901c95878921e,5412.16,34,619,218,837
4c498c7345e89aebad651544829beca0,5389.76,48,620,204,824
45213867cefbf2cd4c6177e10216a951,5389.16,14,621,238,859
503c1de08ae81a2d86f17951b204db55,5321.900000000001,22,622,230,852
6860153b69cc696d5dcfe1cdaaafcf62,5318.23,74,623,178,801
715bbd5ba4e6b74cb0d2f29eb45058b0,5315.879999999999,62,624,190,814
beadbee30901a7f61d031b6b686095ad,5311.52,64,625,188,813
65febd49fd28ec955651299159b1f527,5301.14,35,626,217,843
ce69a8021d18961dd2a40269b7c2c293,5289.05,19,627,233,860
c12b92bf1c350f3e6bf88d3596219c86,5252.840000000001,17,628,235,863
c9a06ece156bb057372c68718ec8909b,5229.62,14,629,238,867
eed78ac17f7f795a19a709745f00cd4e,5195.84,22,630,230,860
d12c926d74ceff0a90a21184466ce161,5192.820000000001,78,631,174,805
99002261c568a84cce14d43fcffb43ea,5188.33,36,632,216,848
0509040ea3fe50071181bbc359eb7738,5183.099999999999,89,633,164,797
9df5750209b83567ec144eb299d7d634,5176.3,11,634,241,875
b17b679f4f5ce2e03ce6968c62648246,5160.82,55,635,197,832
232a6014e7b10cba61c6c2b2ea6bb4b0,5133.27,33,636,219,855
f0b47fbbc6dee9aafe415a6e33051b3f,5132.1900000000005,68,637,184,821
6fc26fe110feebd80a433e1f012a84f9,5128.0599999999995,35,638,217,855
1fe5540d7c1c37a595fefbacd5570d9e,5118.75,20,639,232,871
822b63912576852aea9a8436d72317b7,5097.07,8,640,244,884
8931a84a914b3fe9b1ddaa4d704947ca,5092.89,29,641,223,864
b90e891671cffd9557f33a97dc523645,5081.3099999999995,34,642,218,860
5c030029b5916fed0986310385ec9009,5079.9,7,643,245,888
8a130737016f838139d31878787a39c9,5064.32,56,644,196,840
6ec1a01e866584bb679eb9b098345919,5063.76,31,645,221,866
bccf933e006e9b94a6184af782963e77,5047.21,45,646,207,853
31da954dc0855f2495c6310f70a2f931,5032.71,29,647,223,870
99a54764c341d5dc80b4a8fac4eba3fb,5026.26,45,648,207,855
15aac934c58d886785ac1b17953ea898,5019.599999999999,25,649,227,876
37dd29b36c458d82f74a953c40c43645,5016.43,7,650,245,895
827f8f69dfa529c561901c4f2e0f332f,5003.96,91,651,162,813
0307f7565ff85b299b6e5ef162b1b1a9,5003.57,7,652,245,897
8f580d36c1e9d6fbce95283403c7d447,4993.4,8,653,244,897
e81e1f9c3e762e620f3fb60a51499e16,4979.49,17,654,235,889
382229d1e840115ffe3dbf5ff460e417,4966.619999999999,46,655,206,861
6b3bd31ad8fcda4b2635ec9f3ff2ecdf,4955.92,36,656,216,872
fde0cc9ea29c8ccfc0a2c22256a58c71,4921.2699999999995,35,657,217,874
3c03b12bab54d8b37d79d914bfdb1aa0,4919.77,37,658,215,873
1b938a7ec6ac5061a66a3766e0e75f90,4897.83,30,659,222,881
cb41bfbcbda0aea354a834ab222f9a59,4888.679999999999,12,660,240,900
c840d3fdbba0790404fdae73d253b253,4881.93,9,661,243,904
b76dba6c951ab00dc4edf0a1aa88037e,4881.88,159,662,107,769
ec8879960bd2221d5c32f8e12f7da711,4881.38,36,663,216,879
968268a686aa05d1f529fb07dff08130,4880.84,12,664,240,904
2addf05f476d0637864454e93ba673d5,4877.640000000001,12,665,240,905
f6122bc84774df1b372bdb3bb88ddb9f,4874.360000000001,3,666,249,915
c004e5ea15737026cecaee0447e00b75,4874.32,2,667,250,917
55a5b51f93f2b70ea513f5a047b0262a,4849.380000000001,39,668,213,881
e49c26c3edfa46d227d5121a6b6e4d37,4829.71,35,669,217,886
f3da5b2ff499efb8d4a6d371d175d7dd,4826.86,79,670,173,843
95f83f51203c626648c875dd41874c7f,4826.51,52,671,200,871
8f119a0aee85c0c8fc534629734e94fd,4826.45,77,672,175,847
6288c69c4ce638e59925e59193f98b16,4812.4800000000005,22,673,230,903
43f8c9950d11ecd03a0304a49e010da6,4807.22,41,674,211,885
9803a40e82e45418ab7fb84091af5231,4791.38,11,675,241,916
2e3be8a987a30d7544dbbda6861cc14e,4777.55,18,676,234,910
520b493b57809f446cb0a233bb3e25c7,4762.87,63,677,189,866
cd6efc47efaabf134f8bdb654e10b4f1,4757.16,31,678,221,899
13d058e4eeac2ce8217660b2f8a05812,4755.88,23,679,229,908
f76a3b1349b6df1ee875d1f3fa4340f0,4748.98,24,680,228,908
3f3486b61f45078d4f31ee5e43d8c5bb,4726.57,40,681,212,893
180c3376aff0e43dd5788709df48a843,4722.97,5,682,247,929
81f89e42267213cb94da7ddc301651da,4721.18,46,683,206,889
13fa2a6c6b9d0f43cb588d7c82117a12,4719.44,9,684,243,927
602044f2c16190c2c6e45eb35c2e21cb,4677.4400000000005,50,685,202,887
1eade46fba20122dc4aefb379f8c636b,4673.71,58,686,194,880
f97e2b0650c2068227e1d366140eb62f,4665.98,16,687,236,923
c500367424994318b9e779ff1ae9a330,4658.39,9,688,243,931
8cbac7e12637ed9cffa18c7875207478,4654.35,67,689,185,874
bf3c6d2a28b2b5501e6c15448982dcc9,4648.150000000001,35,690,217,907
2199e7fe213c16213bf5d6a7eadc9a5d,4647.78,25,691,227,918
6a0cbc8af2e8abd1bdfb777943d174c6,4639.42,35,692,217,909
4d600e08ecbe08258c79e536c5a42fee,4633.46,8,693,244,937
3f995f07c49d0d55a99d5c54957f7d81,4627.2,43,694,209,903
406822777a0b9eb5c50e442dd4cd3ec5,4596.34,45,695,207,902
d5ba419e26d246a0719437cf37d9b46d,4581.51,34,696,218,914
681fce914360217db47784ae28905a96,4571.8,23,697,229,926
271c58a1d139c45eaf3316107c6d3a3b,4568.71,29,698,223,921
8ed8ea9a57c862f2c18c2fe41f601d56,4562.97,19,699,233,932
f4aba7c0bca51484c30ab7bdc34bcdd1,4557.5,110,700,144,844
6b333a05bf188ef3e1f1662a86bd9855,4554.88,12,701,240,941
e883aa812c37a7413226856f4579fe91,4554.46,26,702,226,928
238fac594e170b59c6d228f5a4f4f1d9,4545.5199999999995,29,703,223,926
3361277dc30b7cccdb0c286b24219756,4540.9,29,704,223,927
f021c962aaba8ef6eb527a9c2c8394d1,4533.87,5,705,247,952
1fdc574883ef3b33ad41562d93f3a74a,4524.2699999999995,18,706,234,940
4559697a8f7e637227c2eeaed843baff,4474.2699999999995,42,707,210,917
7f152321c60a266edc53af1925ef96c1,4471.92,20,708,232,940
56642bcb79900e777d68e91915cb4267,4471.79,48,709,204,913
f00e21b1e91a79653163b7fd8f293ff1,4471.06,31,710,221,931
282c7480173bb9c01dd41cc739fec010,4466.3099999999995,5,711,247,958
02f5837340d7eb4f653d676c7256523a,4463.88,30,712,222,934
66dc1b1632bd6a3e508510c5b3492107,4449.26,37,713,215,928
14d7985702e72162bbf13b6beb74ab2b,4441.0,37,714,215,929
870d0118f7a9d85960f29ad89d5d989a,4428.03,45,715,207,922
38e679b9e0064cd94c6f035707344dae,4418.1,28,716,224,940
6bb0724edf0b62fb91ac404873a97241,4416.52,17,717,235,952
1b8356dabde1d35e17cef975c3f82730,4413.61,56,718,196,914
070d165398b553f3b4b851c216b8a358,4396.75,32,719,220,939
3d8fa2f5b647373c8620330c4e077a9f,4390.55,43,720,209,929
79ed755314cfe6df0daef2c6cd3022cd,4366.66,23,721,229,950
edf96ef93ed595084bbcbd9224bd2894,4365.78,25,722,227,949
96804ea39d96eb908e7c3afdb671bb9e,4365.76,38,723,214,937
2745f798279e0ed033addcc1474776d7,4364.990000000001,32,724,220,944
42fa4ee7240e9b8eb4576358ec142ba7,4364.469999999999,22,725,230,955
3c4e0452bff7a2a788179488d3d77032,4352.52,32,726,220,946
9b1585752613ec342d03bbab9997ec48,4349.04,3,727,249,976
ed4311e67debd72b8610a5347a743087,4342.81,25,728,227,955
6481e96574816ead57975da2c0f6d80d,4340.860000000001,32,729,220,949
8b2492b7ff4468839593fafeed55bad9,4336.26,29,730,223,953
276677b5d08786d5dce7c2149dcce48b,4320.639999999999,33,731,219,950
4c18691b6037662be2df78a765d98ab5,4316.51,63,732,189,921
2e13c71026e1a39ba5cc1b86dcb679aa,4310.21,24,733,228,961
e8f6dc8e6a1dcde89d20e3995c8d90b3,4308.02,36,734,216,950
23a0ffca143a15b9b5bbdb7d552f626a,4304.28,23,735,229,964
8c3b533c63cca56240f94f1e3a6b18ef,4301.7699999999995,5,736,247,983
8090490573c6c0aa343a7231ebcb8c86,4298.030000000001,26,737,226,963
a44fb5a447105f8469bdf16bf9159f25,4292.71,19,738,233,971
c731d18cea9bf687ffee82a241c25b11,4272.650000000001,24,739,228,967
df560393f3a51e74553ab94004ba5c87,4267.33,28,740,224,964
a0415d9b25ede3c4b1e477e9916ffc03,4247.98,10,741,242,983
9646c3513289980f17226a2fc4720dbd,4247.32,71,742,181,923
5f5b43b2bffa8656e4bc6efeb13cc649,4232.65,27,743,225,968
2d2c62bef4c8ba0dd74e0e228e808539,4230.48,16,744,236,980
994f04b3718c2bab35c2adfa8afecd2a,4221.209999999999,49,745,203,948
e7d5b006eb624f13074497221eb37807,4220.42,28,746,224,970
f35b3c613c4f7b2275f4185d0a3c59ec,4214.29,9,747,243,990
643214e62b870443ccbe55ab29a4dccf,4199.78,66,748,186,934
2a167ca73899c85001a837d8fb4962f6,4197.62,2,749,250,999
08cdbae123ff67ca4e36d9d641ce0119,4195.46,4,750,248,998
bede56095ba33c42038fb85f707b8a42,4184.77,2,751,250,1001
21e83881401b92b49fb09a16d3852291,4182.53,14,752,238,990
5d3bb11474a06bdc23fb9e89f1164ee0,4178.820000000001,31,753,221,974
3bdff180c7e1f6551a643b99c265a120,4161.86,59,754,193,947
71039d19d4303bf9054d69e9a9236699,4158.65,35,755,217,972
e70053bf73d1b5863932e53a9fa47496,4158.58,7,756,245,1001
38874e327ce94d11390b96eb42d61928,4158.43,6,757,246,1003
2d50d6282f8aa2257819a77bfaa0efe0,4151.52,44,758,208,966
33ac3e28642ab8bda860a2f693000e78,4151.120000000001,34,759,218,977
594f9aaa48e5bf431f011ddc5669b0d5,4136.41,37,760,215,975
5d9dc90a686a8fddacffab6bab5653a3,4131.2699999999995,12,761,240,1001
d57e18d5f73c7ccb7f7339b61166898d,4111.1900000000005,61,762,191,953
c0563dd588b775f2e37747ef6ad6c92c,4094.6800000000003,28,763,224,987
77e4abfd739aed9c46480f90f81c0eb4,4092.2100000000005,18,764,234,998
1838dd9b8977065acf51d95e0053ea7a,4075.8800000000006,64,765,188,953
b1fecf4da1fa2689bccffa0121953643,4066.7200000000003,19,766,233,999
6b90f847357d8981edd79a1eb1bf0acb,4059.73,45,767,207,974
cfd7ddab722b902f7ac5b5f3ba6d723d,4058.11,12,768,240,1008
f0837c8d71434931d9e38e7b79234797,4049.36,22,769,230,999
a2b5b6105ea5942300631d2e76f4ffe0,4009.34,16,770,236,1006
3c010235b7345c92f125d14ee232a76b,4005.32,15,771,237,1008
7f2617c58d5d06806987308b45654351,3983.2700000000004,22,772,230,1002
dd533b429f380718b70ad9922c294bae,3970.9799999999996,41,773,211,984
4da0e408c99d2fdc2126dc9fce518060,3964.7299999999996,44,774,208,982
b1ac6ea7895bc3dd6f0f6f4abbdd2821,3964.33,40,775,212,987
432c37c9dfba871172ec162e20118b8c,3938.54,46,776,206,982
eb4df17aed01d918c65f0f8d650900c0,3925.4600000000005,11,777,241,1018
f7ccf836d21b2fb1de37564105216cc1,3910.4400000000005,70,778,182,960
f4db9b37944bcb8873e6b456ee190bbf,3909.9399999999996,21,779,231,1010
a17f621c590ea0fab3d5d883e1630ec6,3901.54,65,780,187,967
ec80e49e69745ab6c14f984bf2149423,3897.31,12,781,240,1021
c9aafcd0621b2207c10e32c649cada4d,3885.8999999999996,44,782,208,990
1d0997ff06b524ce9289ffd75114ecd3,3873.57,3,783,249,1032
0c7533c71df861ec58ad7ff999ed0e8d,3863.51,61,784,191,975
960945e1a9535cbc0cd6ddd35fbe7ae8,3861.53,28,785,224,1009
8ff38bc3969e67c36c48343a07090f66,3859.56,2,786,250,1036
aae3bfea055532c57fb453ed3ec80b30,3857.1699999999996,48,787,204,991
3364a91ec4d56c98e44174de954b94f6,3853.85,6,788,246,1034
3b872fd4747f01cc56206f2934198618,3843.1099999999997,25,789,227,1016
4677a5437afda5fa7140b927b07be1cc,3835.7,11,790,241,1031
e48b04bf1aa1ef711caebeb7aede6180,3832.73,25,791,227,1018
218f991754f360af9c2daa5e0b8e990c,3819.54,14,792,238,1030
f326006815956455b2859abd58fe7e39,3813.18,9,793,243,1036
5f1dc28029d2c244352a68107ec2b542,3803.46,62,794,190,984
c8b3445d737de6befde0c88ede534a5e,3800.7899999999995,30,795,222,1017
244c2f1bff6afe1f2eaf9bfe9b2aed38,3794.87,23,796,229,1025
977f9f63dd360c2a32ece2f93ad6d306,3793.8500000000004,24,797,228,1025
a938325a4b357fd23a6a4d5bb126408e,3791.8099999999995,24,798,228,1026
f2336e113377dd21c744d9c4fc8293a9,3762.08,4,799,248,1047
54c04bdb5ec46762f8f08c7e8f86ed4a,3757.7799999999997,18,800,234,1034
5bc24d989e71e93c33e50a7782431b0e,3736.5299999999997,17,801,235,1036
cb3dd9ce66268c7a3ca7241ac70ab58c,3725.71,50,802,202,1004
52562a9f449c3dc3d53f5f5b9ed74903,3710.64,14,803,238,1041
bce6a5ecf98e99fd2a8868b15c51f04b,3706.5,14,804,238,1042
430315b7bb4b6e4b3c978f9dfa9b0558,3704.63,20,805,232,1037
cce6ab8d1682639fe45ab70234f1665f,3690.1400000000003,63,806,189,995
cb5df0dcb9e280b1780e9d589889f2c7,3689.21,16,807,236,1043
ed46f1eb4a638113deb2a1137b5f22e9,3686.6800000000003,4,808,248,1056
5c6d4016c2a288f074fa0848a2b653d2,3673.1699999999996,32,809,220,1029
0ebd97a106433a45a4aebe57c1799778,3661.6800000000003,31,810,221,1031
a6fe7de3d16f6149ffe280349a8535a0,3647.4199999999996,51,811,201,1012
e89c4adbe7b1d0819dbb636e16461cf1,3636.1500000000005,24,812,228,1040
318f287a62ab7ac10b703ac37435a231,3634.6,52,813,200,1013
2a1348e9addc1af5aaa619b1a3679d6b,3631.4,52,814,200,1014
b8555308bfdb4ca1ed54325a58da9a97,3630.0300000000007,26,815,226,1041
c64a2aec32cc408a8a4c6d7c46017f91,3628.17,9,816,243,1059
6750d71153f00fc58829af2a8ef1bcf1,3626.5,6,817,246,1063
d93919c944be9cff128f6c9cb899eacb,3624.01,33,818,219,1037
244b04680fdbded0acf5aebd9c92b44a,3616.51,3,819,249,1068
c394e193cda3b4225ff2094d32184849,3611.440000000001,3,820,249,1069
afa6714acee029b2dfdf357e5579cc03,3603.58,16,821,236,1057
585175ec331ea177fa47199e39a6170a,3602.47,1,822,251,1073
ae7ab174effdead6c241e547e4ca13f0,3574.0599999999995,6,823,246,1069
974cf2cb8f4b7add98709c30df02fe10,3559.68,33,824,219,1043
20d83f3ef0e6925fd74bfd59170babf7,3557.21,40,825,212,1037
d17f467e4bf608a510c20d82f4ba3b6b,3556.55,12,826,240,1066
5b51032eddd242adc84c38acab88f23d,3548.9499999999994,12,827,240,1067
aeb36d67f1414f234d42a29e27cf1f17,3548.0999999999995,4,828,248,1076
f593898ec748b7a8cb81fc04edafd98a,3541.12,20,829,232,1061
8d79c8a04e42d722a75097ce5cbcf2ef,3535.16,27,830,225,1055
bb7a14e229b1c95156719c3d9552eeee,3519.45,11,831,241,1072
f61c63d13f7cd800549d5acdd390ae72,3501.6900000000005,26,832,226,1058
b335c59ab742f751a85db9c411a86739,3480.7200000000003,33,833,219,1052
1771297ac436903d1dd6b0e9279aa505,3466.43,28,834,224,1058
fce62094ffe6a4009188ec44e681dfdd,3452.63,4,835,248,1083
2156f2671501a81034d7d07f217609d0,3433.8900000000003,22,836,230,1066
55f7a3319d80f7fdf078b8f03e6725fe,3420.4500000000007,22,837,230,1067
f7720c4fa8e3aba4546301ab80ea1f1b,3418.97,60,838,192,1030
1ce3ae5a399804d1a87e706f8a813c3e,3416.69,40,839,212,1051
bd697db56ff8e7c9cd1abeb7f72029b2,3415.2,22,840,230,1070
a1474fd46fd3430168f7ec202da39408,3413.52,12,841,240,1081
5bc55dbe2f12b6af6d83ed46023e0dc8,3409.38,17,842,235,1077
3fd1e727ba94cfe122d165e176ce7967,3394.4199999999996,37,843,215,1058
5cbbd5a299cab112b7bf23862255e43e,3385.21,36,844,216,1060
49e7217cfe4e427191c378ec626d8737,3378.31,13,845,239,1084
d25aa0aaacb370e912f8cf6efeba38b3,3373.13,17,846,235,1081
e99e927c81e3f51739c94fcdfca9f10f,3360.4700000000003,22,847,230,1077
5b35136197710e16ac5e7b7c2bd4ea85,3350.2900000000004,7,848,245,1093
cd06602b43d8800bd0afad514919d35c,3335.33,44,849,208,1057
31561f325664a8a7aba4c8d0c3a9b3db,3329.36,36,850,216,1066
fd386aa7bed2af3c7035c65506c9b4a3,3316.169999999999,69,851,183,1034
4305fe92735c8a43d154ff6dd2b8d927,3314.25,19,852,233,1085
33576ec5412fb5905d876f12f33bfde6,3287.98,31,853,221,1074
51702dc2a3e106c76dbff722b5bf0726,3287.04,13,854,239,1093
efcd8d2104f1a05d028af7bad20d974b,3280.19,47,855,205,1060
730937bf88cb151eb2eb849f642fc213,3277.17,22,856,230,1086
850913d59ce317156b00f3705f1c3edb,3270.96,32,857,220,1077
b494891378bd8f4560abe576c52deacd,3270.82,20,858,232,1090
ede0c03645598cdfc63ca8237acbe73d,3269.8700000000003,46,859,206,1065
df56d7b40d437f88407c5f78b63bc328,3251.5,22,860,230,1090
60562ab00b8054280520d390c8c0045c,3247.09,17,861,235,1096
d9e8c084b68fe958861d8f2c21202e6b,3231.86,9,862,243,1105
d93844a9c55ba7ce353388bcf849ea56,3229.52,12,863,240,1103
3cfa1358a6caa965278721344c8d76f2,3221.5299999999997,5,864,247,1111
4992e76a42cb3aad7a7047e0d3d7e729,3218.5699999999997,57,865,195,1060
4c8545742faaf58fafd5fd14d25d75cf,3216.3100000000004,4,866,248,1114
a369d693961cb93b61ca2cc518872a85,3213.79,11,867,241,1108
6338ea67c41078a46ad99cc009654956,3210.39,37,868,215,1083
8ab42aa58097fd4668d60cc648225d5f,3210.39,20,868,232,1100
ffa6adafb71b807dc13159e26431354c,3206.98,18,869,234,1103
fec6275253471ace26d209bbaa64cd0f,3195.67,9,870,243,1113
f44b6f775a2b390380e0e30b5c9d3eee,3188.2400000000002,10,871,242,1113
1996942dc085d7773ba77a529b163cd0,3183.4300000000003,10,872,242,1114
be9a160a9011f627c3e121d076c1ec7b,3182.52,7,873,245,1118
4342d4b2ba6b161468c63a7e7cfce593,3163.3100000000004,20,874,232,1106
0885aaf116795758dfeb5f1032487bcd,3162.3199999999997,28,875,224,1099
612a743d294c27884fb7b80d2b19ba35,3162.15,2,876,250,1126
56e361f411e38dcef17cdc2a3d99628b,3155.7599999999998,5,877,247,1124
1987cd4be10fe09ee50454f9c354d1c6,3135.2299999999996,14,878,238,1116
8f54d64f28a993550aa7943f12572959,3133.12,15,879,237,1116
157c3e4b42f81ac4a44e8b1ca2fe9876,3131.82,23,880,229,1109
9906e7aa42a3c067b7c9a564d01c4320,3115.6,12,881,240,1121
13074f016982ff2bd6c58ced8682f000,3111.7,14,882,238,1120
9c068d10aca38e85c50202e17b4a7e88,3108.83,17,883,235,1118
62c50c1af4dfdc4149d25c5222043d39,3096.0299999999997,14,884,238,1122
82bd0703a4aefd6b599e5bfdaed378fb,3084.84,21,885,231,1116
d32e3909cfb714fb2a6cb092c85b9c5f,3078.8999999999996,10,886,242,1128
820cc752a266cdc6c1a1e61dd4583330,3078.7699999999995,15,887,237,1124
b1204cfda1d4948679db3cfc0d3cb95c,3078.15,7,888,245,1133
78744a20ee2f80ba64f6804c25def2b8,3068.85,6,889,246,1135
d3dcf0604eabf0224fbd5948b5e02f69,3067.41,9,890,243,1133
082e0bf4cb865a6533b1e8e498cc0255,3064.33,11,891,241,1132
b74d1c09cb380e1d03a6f859c6f4224b,3053.2,31,892,221,1113
ccf8813e5a7d6c84d865cd38bfc2b130,3051.29,26,893,226,1119
f125f3a310c2e5f822d116147de1e474,3049.29,16,894,236,1130
3504c0cb71d7fa48d967e0e4c94d59d9,3037.31,53,895,199,1094
5a93f3ab0ef4c84ed5e1b5dbf23978bc,3035.3899999999994,39,896,213,1109
0bb738e4d789e63e2267697c42d35a2d,3030.6400000000003,30,897,222,1119
1d4587203296c8f4ad134dc286fa6db0,3027.54,42,898,210,1108
dd58ee93286b0821565574c570e9e1dc,3023.31,2,899,250,1149
f214d28e8d8e3ef068748498ccc2f813,3021.5199999999995,54,900,198,1098
606ce7768feac12c5e8bd58db8b08f0f,3018.86,5,901,247,1148
e908c0f3646e8b60375734a350d95d71,3009.53,1,902,251,1153
b56906f7fd1696e043f1bcce164c487b,2995.42,40,903,212,1115
6f229cc508fc6915ed5c499efd93baa4,2988.68,13,904,239,1143
5abb8ea023c77787f2c15da891c8d384,2987.2,13,905,239,1144
f805b96fa705ba7995a221f1749dc141,2986.87,7,906,245,1151
fe26f3ecb51a15e6d8335cd92da42562,2971.55,7,907,245,1152
052577151711aec5c744fe12e66db3e1,2970.42,4,908,248,1156
d3f39f05462b79a4562d35893a28f159,2968.7700000000004,34,909,218,1127
47efca563408aae19bb7206c2d969ea9,2965.32,12,910,240,1150
f1b93673502375d491780bb49d615dbc,2959.28,8,911,244,1155
cac876b37d3abcd6bd76caca30277996,2958.7900000000004,27,912,225,1137
323ce52b5b81df2cd804b017b7f09aa7,2955.6699999999996,30,913,222,1135
4b0fdb526525f9890eb145bf1534640e,2954.21,18,914,234,1148
116ccb1a1604bc88e4d234a8c23f33de,2948.33,61,915,191,1106
888faa8bfb0b159c37de6d898b961c31,2945.0000000000005,19,916,233,1149
daeb5653dd96c1b11860f72209795012,2938.06,40,917,212,1129
bc302730ea8cf49b5c74f579febb5bbf,2930.17,11,918,241,1159
655220df33262c7e0c4949a147366f94,2926.5299999999997,13,919,239,1158
04aba03279157f6d4e0fe8ccaf21963c,2922.33,16,920,236,1156
2c4c47cb51acd5ea5db5e0ae0e26542a,2917.37,12,921,240,1161
5160d23075764e18e07c1f4a87fad743,2915.4200000000005,34,922,218,1140
0725b8c0f3f906e58f70cbe76b7c748c,2905.99,17,923,235,1158
41ab63a91b8b264e8c8780368bf1dd5b,2874.22,12,924,240,1164
491a5ada3aa1678414e990262c4bbdc1,2873.81,2,925,250,1175
f1c1ac3f3efc07e659c035008e615e66,2864.7799999999997,4,926,248,1174
4e8dacf3d38f281ae26c3e0321d92d88,2861.1099999999997,10,927,242,1169
3a734b715d333a2588a3d54a0c9b8746,2859.1600000000003,18,928,234,1162
8a87611c08849ffeeccab52aa798b6c7,2855.12,13,929,239,1168
fdaaf5bfda82b7b80535610c831b8d09,2848.32,10,930,242,1172
bb5bd94c8f59cc050072d2930c869cac,2846.64,16,931,236,1167
8603f0038fe0e52fedd3382d266723de,2845.12,10,932,242,1174
1c40343cc5d18c2d8248ac2f3366de34,2839.42,21,933,231,1164
7fc87cc3e89b3d1d5cabdca32f8485aa,2835.8199999999997,14,934,238,1172
7238a95bb63ef7e498389fb863b834a1,2835.1099999999997,15,935,237,1172
cea729054f157f5870bdd321a958d994,2831.62,24,936,228,1164
ea6b12bf9ffe2bac34602ec631d97a47,2831.3199999999997,11,937,241,1178
0ed6ce5d87fd9c69eaacaeb778d67235,2829.25,43,938,209,1147
c013e57c075a06e5b5c48ee03c525719,2828.66,42,939,210,1149
ffdd9f82b9a447f6f8d4b91554cc7dd3,2828.66,18,939,234,1173
e9511df20ccd82658a30c37b7fb343af,2823.0999999999995,22,940,230,1170
458d868c9642f55f18f04e951a3fdde6,2822.75,2,941,250,1191
1444c08e64d55fb3c25f0f09c07ffcf2,2818.74,1,942,251,1193
6989574bd97d9773f10d232b6c07da59,2799.5,7,943,245,1188
1b7e5006cb25dd23ce8686691013b121,2785.96,11,944,241,1185
14a08204d03bb6b6bde8029f801ae0eb,2779.1,28,945,224,1169
729b2d09b2a0bdab221076327f13d050,2768.66,49,946,203,1149
fe49ee029e61e789a1f3a5525f57ba8d,2752.4399999999996,17,947,235,1182
f615fe7efbef0f4f08fd3086bc7a3e60,2748.96,23,948,229,1177
0015a82c2db000af6aaaf3ae2ecb0532,2748.06,3,949,249,1198
0ffa40d54288e4f3499b8780dd0f144f,2746.4700000000003,33,950,219,1169
8f78f0903005064036736c7173a5c2ed,2745.9500000000003,13,951,239,1190
e38db885400cd35c71dfd162f2c1dbcf,2737.55,30,952,222,1174
6df688df543f90e9b38f4319e75a9d88,2733.56,40,953,212,1165
9a84ba99f5367fdbd4598363496f1ea2,2720.9300000000003,16,954,236,1190
5eeb9c756d9780b96283e5a2ac6da334,2718.74,9,955,243,1198
df91910b6a03bb2e3358fa6a35e32f6f,2707.1199999999994,14,956,238,1194
c2d70ce2c5d0a2eb75e78668236e6dc8,2699.9199999999996,13,957,239,1196
de0c78824586e9a5f5f04fd84e25df39,2697.83,14,958,238,1196
4978a02ea9c8be7a9b5480680f40334e,2696.84,18,959,234,1193
78c99c6dff4eeae5be99bf635ed21e3f,2695.77,31,960,221,1181
1354d51653f645349064725ed204e85e,2694.72,18,961,234,1195
ed859002ad59dbf8cf3602696a6c3000,2690.6400000000003,7,962,245,1207
fb89df7f89fd1b8f03fa2acca1ba7364,2687.4300000000003,22,963,230,1193
dc8798cbf453b7e0f98745e396cc5616,2680.7000000000003,41,964,211,1175
cfe94489ddd337d1e29e12f2a7205d10,2672.82,20,965,232,1197
a08692680c77d30a0b4280da5df01c5a,2660.91,6,966,246,1212
acadd4d36859671cb635527c6c977533,2646.94,12,967,240,1207
6bbcb8924baf70b7fe2fe2097e8cd407,2646.8300000000004,10,968,242,1210
d06d019f72a04e5497a0b64190af170c,2641.44,17,969,235,1204
fa74b2f3287d296e9fbd2cc80f2d1cf1,2635.6800000000003,11,970,241,1211
3d39fbf22a665714baf62fae36029e23,2634.83,8,971,244,1215
76833248bbc0e65a0293ec62023e4396,2630.6800000000003,2,972,250,1222
7f7b8245c336066a1f9933c359f11d77,2630.23,38,973,214,1187
7b8e8ec35bad4b0ef7e3963650b0a87b,2616.3,5,974,247,1221
c6381d2d013342748761e906d45aff76,2614.26,15,975,237,1212
77a515caa36327151d1cc6c32a9f00e1,2613.58,26,976,226,1202
cd843d4cf8ef32827de0396605163ba3,2612.56,5,977,247,1224
34f563c82a85b99ae9e6d60db5fc2e28,2578.5,8,978,244,1222
412a4720f3e9431b4afa1476a1acddbe,2569.16,21,979,231,1210
b83cedfb587e7911540e3f576d6917ce,2568.75,24,980,228,1208
723cd880edaacdb998898b67c8f9da30,2549.63,11,981,241,1222
3481aa57cd91f9f9d3fa1fa12d9a3bf7,2547.17,25,982,227,1209
91f0eec23d4a61d7d7caeefa3f0ad1ca,2545.26,11,983,241,1224
cf2384dd2f1dddea3f838efed0945e65,2534.9399999999996,16,984,236,1220
9bcdfa7b615b3abb9461d9e3ad9886ae,2523.79,14,985,238,1223
120476eb7a04c149d14772edaf5d9bf2,2519.63,4,986,248,1234
e6a69c4a27dfdd98ffe5aa757ad744bc,2518.9400000000005,24,987,228,1215
8bdd8e3fd58bafa48af76b2c5fd71974,2515.55,11,988,241,1229
30c7f28fd3a5897b2c82d152bb760c17,2503.16,7,989,245,1234
0417b067eeab773d2f7061a726dc477f,2501.75,13,990,239,1229
17908cf9b444ee34047cadd5c0f4a516,2495.41,11,991,241,1232
1b1ae47a313a825a7ccceb8e2e30fa9d,2490.3999999999996,11,992,241,1233
165b1235e9e9942cb5fae67103576fb0,2489.8,11,993,241,1234
4391ea5c5990502176a1dcda44a2373d,2484.3,3,994,249,1243
2be17df1c49978426251562096c3cc09,2477.5499999999997,16,995,236,1231
bf84056e679dbe9c69929847a40e338f,2477.32,36,996,216,1212
f5f2ab9bdb6b30c14c61be68c5ed37da,2474.55,18,997,234,1231
272f092de69afedd4d2969440b37f18f,2471.3399999999997,26,998,226,1224
2f09f7d37a97956d11cc1a7cadd5262b,2468.4099999999994,11,999,241,1240
53d00c40e32aeb924a84ce72b1af869d,2462.07,17,1000,235,1235
4c8b8048e33af2bf94f2eb547746a916,2458.8099999999995,23,1001,229,1230
8fe8786ee000001ab51d030dfd4a7bf1,2456.44,5,1002,247,1249
3e8bd881d92466e63ba9e3e809cd3c50,2450.25,9,1003,243,1246
e5475dcab1e07b63d7f6e902d8f5eda8,2443.22,19,1004,233,1237
8ca1551acf9832a4cf467bbbac15851f,2442.9399999999996,11,1005,241,1246
c8467937e403e76a8ee9f0ab13f6f5ef,2442.74,30,1006,222,1228
6b536a23086fba0d58c08d68814397f6,2437.9699999999993,19,1007,233,1240
373ee4a3a775a733770ca3f790b8b9ac,2431.81,13,1008,239,1247
07bf9669d84d1f11be443a9dd938f698,2422.22,18,1009,234,1243
93b9a99027bd8bd6af682aff18dd19bf,2420.11,20,1010,232,1242
9dda5bbacd45e18d6485fee649205d09,2419.3300000000004,19,1011,233,1244
6aa3928696eab49a19a466e665a649fd,2410.6800000000003,18,1012,234,1246
72bc2cce903c872fe376a8faaa81d237,2404.9700000000003,17,1013,235,1248
abbf6046bbdf1028606a5bc7f00c99e7,2393.1399999999994,7,1014,245,1259
55bb6fe5bebe5012e2d7d9928e1128ff,2393.02,15,1015,237,1252
54583ab379489add547fe47b628db589,2391.08,10,1016,242,1258
5debea795b07621e1f90532e18f96145,2388.13,25,1017,227,1244
6a38087bc8ad4f89ff453561005f6dea,2381.3500000000004,15,1018,237,1255
3a1a1fec38dd360f15fc912e821e169d,2378.63,15,1019,237,1256
5b581417df4480f632484ba681e53944,2376.3,12,1020,240,1260
d97df38225e5abadaff1e72cb72b823c,2362.92,29,1021,223,1244
f41ce2e25237f9092cd8e6e7516c7a2f,2362.6000000000004,27,1022,225,1247
25cf099de44674fde97473224f9d59ab,2359.55,50,1023,202,1225
e5f9e61ceb5f523cc966e0f34095032f,2353.44,4,1024,248,1272
3586b8580d9c917874e053a1bb37b5ff,2352.35,36,1025,216,1241
87d30a6a0cbf89356e49324971ab1d24,2349.91,17,1026,235,1261
747e73c01a4593d4cf60dcf970fd2689,2341.76,3,1027,249,1276
7ade73f1b9b4e965f9009a4c3a7e2c15,2338.17,27,1028,225,1253
bf100ecb7997df312b285358fb32f92c,2337.01,20,1029,232,1261
65b081a070633e057c462abdd6fb9dd8,2326.67,19,1030,233,1263
4e5725ba188db8252977a4f0227bd462,2313.2,22,1031,230,1261
3a4127e1ba7208ea37044c5092aae170,2310.95,6,1032,246,1278
95ec4458365c4d11f452ccf538377619,2303.43,27,1033,225,1258
ea65d8b58316a6f2362f2a9e4b3e86ad,2292.22,9,1034,243,1277
7fdb0720c8d7c9075538b365dc8c3a22,2288.31,9,1035,243,1278
1dc2de47ee26a0a5b12dc14fd6dc0dea,2287.5,25,1036,227,1263
e2c92f9c1c7746d899d18f2e158bbff7,2286.6099999999997,14,1037,238,1275
bc2ac6b95e1accce9858528ee566c17e,2279.56,18,1038,234,1272
5075aaa8404020ae6aa8bf4792099b41,2270.52,13,1039,239,1278
2a6fbeaa7ab9e5d59a35841a8da71ce4,2265.2799999999997,30,1040,222,1262
ffeee66ac5d5a62fe688b9d26f83f534,2259.55,14,1041,238,1279
c8417879a15366a17c30af34c798c332,2255.4399999999996,26,1042,226,1268
e24d3429d294b2eb200b064ebb035879,2250.7,19,1043,233,1276
7139dc5186aa238b006e066d8fbab2e4,2247.93,22,1044,230,1274
f63d8f293af3a6454377546bd9dd19ff,2246.95,17,1045,235,1280
5b33b527da3c5b969cc99dc435cad09a,2238.34,16,1046,236,1282
3ca08eeb8d5595949fed424bd3677742,2235.1000000000004,14,1047,238,1285
d6ab728cf30867cf3f1a2e216ae2f9b7,2233.8199999999997,12,1048,240,1288
a36b125ac6d5fdbc7f50de85c9157bdc,2232.63,24,1049,228,1277
dfc475d54e1b6dbeeb7d7d9bdaa63827,2228.0699999999997,19,1050,233,1283
392e0502231ae2f8b29994ef6398cd77,2227.59,20,1051,232,1283
9449f25aeaf531019b76999ea49a6949,2225.84,10,1052,242,1294
198c7ea11960a9844b544d9bcdca860c,2225.38,25,1053,227,1280
adcf50477d6a1f5d91bb9d54c4903cb5,2223.7999999999997,19,1054,233,1287
fac1a9017ade7bdc94058fc1c969f355,2222.91,9,1055,243,1298
3bfba5a77604f6dfae7e6dd7aaf65821,2218.19,4,1056,248,1304
1782ce2db72c3dda627d5e7c898104e1,2218.17,9,1057,243,1300
c679fb69a36e1d8349e8c50a217b4d58,2213.89,14,1058,238,1296
3d2531eccfbde1d7c8db7a3a12fb267a,2212.6,10,1059,242,1301
1690cada046eb7e92c12f98b1f8a8167,2211.38,11,1060,241,1301
9b00ed88b7fdb95d6ff76e27c1b52d16,2203.36,47,1061,205,1266
71592660bbcb6a4664e97b6f8b68babc,2200.55,6,1062,246,1308
731ef20c231d9a7103a425e83fd91271,2197.6,2,1063,250,1313
1b8b75e227c9a9c100d0c210fb6176ce,2195.61,19,1064,233,1297
1976a05ecf2996d6ffb7b5430e635fe7,2190.66,8,1065,244,1309
15cd6eefe58588619aaed41dfa6621b1,2188.8599999999997,16,1066,236,1302
411f3b52d857390502ee4e4d5ceabc2d,2182.7200000000003,21,1067,231,1298
a5a1bfcf728ab0e19182959cf0771ee4,2160.8499999999995,21,1068,231,1299
d9a84e1403de8da0c3aa531d6d108ba6,2157.34,54,1069,198,1267
8de8fe3af4449ed695d2434c933ed73e,2155.35,1,1070,251,1321
112453736dbe3889cfb74e1aaa0ba0c1,2154.77,7,1071,245,1316
d1ef48b38baca7e831711c4a0aeb398f,2144.69,29,1072,223,1295
5ab05b6d86d417796c69ffd6774ec832,2142.85,10,1073,242,1315
1dfe5347016252a7884b694d4f10f5c4,2129.73,21,1074,231,1305
c4fb51fb1c5b7c07bc5e67be6e7e8f6e,2126.61,15,1075,237,1312
ec4608a1f76453166bb312b2968aeaf4,2121.36,18,1076,234,1310
91f5779a8731baca4809fdeade81803f,2117.09,6,1077,246,1323
f5f1f2c5f923f36ad79ea1d07185ddc9,2115.83,12,1078,240,1318
058cb5aeb36d7c0fcae20fc85d5e0a59,2107.42,12,1079,240,1319
d3674f271c91f824f82d24d92011f669,2101.82,20,1080,232,1312
f9903dd0f812c7e771fcad47b6fff231,2101.48,10,1081,242,1323
3935fe5fe0f82787a9dcb8deb62be09d,2101.35,16,1082,236,1318
5b85809efd0d0e4dea1a9544e1280ed9,2097.36,12,1083,240,1323
013900e863eace745d3ec7614cab5b1a,2089.37,23,1084,229,1313
ffc470761de7d0232558ba5e786e57b7,2087.13,28,1085,224,1309
74bafed391319577bce6f4d2acc0589a,2084.73,3,1086,249,1335
75fbb52eda0cbc24f479d3b2fbfa8d3e,2074.51,40,1087,212,1299
c5f7feb04a6a1fb3596322bfc3cf1917,2058.46,11,1088,241,1329
7ecd59e5e20407131822c1a68ac59c1f,2054.5200000000004,24,1089,228,1317
845e8036c3f7bf62099352f5ed910240,2045.24,21,1090,231,1321
b2a6d334e2833acea353624840e25a0e,2038.5900000000001,25,1091,227,1318
3785b653b1b82de85ab47dd139938091,2033.27,21,1092,231,1323
8ec76bb0965af3f007692b26fa9d6623,2028.75,1,1093,251,1344
002100f778ceb8431b7a1020ff7ab48f,2028.1599999999999,51,1094,201,1295
a70e9066dbfd10b6b97a3f54a1356762,2027.4,2,1095,250,1345
656591be56071d4c9ef4e5fee78a578a,2021.2,7,1096,245,1341
293dee954235e4e4e43f129313625ebe,2019.2199999999998,8,1097,244,1341
2a61c271b1ac763450d846849783e922,2013.1299999999999,18,1098,234,1332
901b460cdce0c64e471230d7f2f9f3a3,2012.56,5,1099,247,1346
f1ed6bd0a9b11b581f16c851c6a5a527,1996.58,17,1100,235,1335
7586919161935337bf6b6d7ff5779648,1994.9299999999998,11,1101,241,1342
5b0cc932433fa5184b5b94bfe6bcc256,1994.0900000000001,12,1102,240,1342
3092c0b297aacfb4bb6e056ebe13b9b8,1983.9900000000002,19,1103,233,1336
15fa791d5e017f66402dc28c44480657,1983.2899999999997,8,1104,244,1348
e63e8bfa530fb16910dd6956e592bb81,1979.1699999999998,42,1105,210,1315
094ced053e257ae8cae57205592d6712,1978.2300000000002,19,1106,233,1339
718539d38d07dd351c76db862760e2e2,1977.9500000000003,37,1107,215,1322
81783131d2a97c8d44d406a4be81b5d9,1977.58,13,1108,239,1347
ca4b77513ac2040591b0d8fae6958380,1973.62,14,1109,238,1347
406740ee611378a662d274c7d8c43c4a,1972.0800000000002,8,1110,244,1354
c3e1abd72a42fe690fcd89cf5720fe29,1967.58,13,1111,239,1350
1ca4bdb0cd7fc48e949bac066188ed26,1963.08,4,1112,248,1360
4b1eaadf791bdbbad8c4a35b65236d52,1962.8200000000002,8,1113,244,1357
dd4d95ba2d15c071e6c695e2ef6ce169,1962.41,4,1114,248,1362
a4bd6e9adf39b63f43dc545d3ca1f53d,1960.9700000000003,4,1115,248,1363
52f0fe436a347ddad7ed5f9aa4e27eaa,1960.9,21,1116,231,1347
39d54ff918774174706fb065d7f9dc07,1956.99,23,1117,229,1346
8378eb36b6b70c5734e83ad7b8cdc3b7,1956.6699999999998,7,1118,245,1363
2ff6b7bff164ef05590a52734e1296da,1955.12,7,1119,245,1364
fa3a0b5aabb344b9a92e3524b0202123,1953.41,7,1120,245,1365
df0f42bc4c2142eacf0eaf2cffd0cfbb,1946.45,14,1121,238,1359
d5b9a084373da994a6e37f732169a853,1945.29,7,1122,245,1367
0b18d63d0cd1d723567903fd34a07df2,1944.03,9,1123,243,1366
8a2d12a90e92f012ce5226fc6592b653,1933.62,18,1124,234,1358
d354c38a7182125a748cb10474fe963b,1926.1799999999998,18,1125,234,1359
26e2c91ef821e1ff8985f408788fe35b,1923.8700000000001,12,1126,240,1366
0ac4201fda2c68ebc0e47cb9423cf3c9,1910.8700000000001,13,1127,239,1366
edc518ba25576a0188a0e8f2c3af186f,1909.55,6,1128,246,1374
6ddc28b61be28373b4503a1f61cf98a9,1900.09,11,1129,241,1370
e64d65bc8dbec2accda90c58de5d1246,1899.96,12,1130,240,1370
66fd84ee7528c0c0de85d0f44a73d5ab,1891.3,11,1131,241,1372
8daab2245ebdc277c51098d01c5ad8ef,1888.64,16,1132,236,1368
77fccaae319668a8ab6cd0fd16aec48c,1888.44,11,1133,241,1374
8a1ff5c35f6595a73fef4c7b96e4908a,1882.8,2,1134,250,1384
659e8466eb3ff1b0e8740d74fb7bbedd,1880.0,11,1135,241,1376
af3ef48d0e13835e529c29ac573c63e5,1873.13,21,1136,231,1367
5f67c6082caacb26e431a7b17940cece,1871.0300000000002,13,1137,239,1376
866558b3bccef2dbc6d29a2b5995016f,1870.75,5,1138,247,1385
b33aaadd1a8891d2dfef0c4c3bdf0371,1863.04,16,1139,236,1375
0887a9f087bcd5d9f6642b52f897fc6c,1862.35,12,1140,240,1380
06bb3a2fe5e7b7a845b13e8fb91bd944,1862.33,17,1141,235,1376
2709af9587499e95e803a6498a5a56e9,1859.02,26,1142,226,1368
8b87cd0d43d49b9bdf40f56229364d59,1853.9,5,1143,247,1390
7a2d2949aea47fab95fd98d6c9f618b1,1850.23,11,1144,241,1385
3771c85bac139d2344864ede5d9341e3,1842.2599999999998,26,1145,226,1371
d4e12e7884759a14fa0f5f896c791cae,1839.67,29,1146,223,1369
02c988090b766852e088c69d7fb3b551,1836.95,13,1147,239,1386
f918546be4bec7104d117789ba758b2b,1830.15,20,1148,232,1380
41b86b552e54e3a7009596125aa8b167,1829.9099999999999,10,1149,242,1391
bafc5aa11e413978be29040f51342e70,1829.47,9,1150,243,1393
f3c38ab652836d21de61fb8314b69182,1828.59,15,1151,237,1388
4bf658053d453036c70976bccb2c31b2,1824.56,2,1152,250,1402
1660ad786c27fd935378b6192a90b417,1818.2800000000002,12,1153,240,1393
cbf09e831b0c11f6f23ffb51004db972,1815.4,10,1154,242,1396
138dbe45fc62f1e244378131a6801526,1814.8,49,1155,203,1358
04e38a233f726ef161074ab1c9b0399a,1811.27,23,1156,229,1385
e256a62e0ac58c0edfba09966142d561,1809.5500000000002,12,1157,240,1397
02dcd3e8e25bee036e32512bcf175493,1804.0700000000002,14,1158,238,1396
081acf3de680d554796c9cf041be7bc2,1802.8,4,1159,248,1407
97512d3fc193b2d1dfcdba0f9d1f0f8a,1800.42,12,1160,240,1400
53b0300ca793f9834cd69c0678d35ee8,1799.46,5,1161,247,1408
01bcc9d254a0143f0ce9791b960b2a47,1798.87,11,1162,241,1403
a23266650e7c84bb93fbbba502137478,1791.44,11,1163,241,1404
cb810bd318f51b3dc3c753944d61a1fa,1789.02,1,1164,251,1415
d8c7ba53e7e38711eaef8c2849d6d2e1,1788.3400000000001,22,1165,230,1395
f235413f677777a0738ff215d0184901,1788.34,3,1166,249,1415
fe701d88b67eaca109dffd464d1be9f9,1787.94,11,1167,241,1408
44f091b5abab8018f682fce8124b85e5,1787.71,6,1168,246,1414
817f85dbb65aa3e70831d90fe75cdf89,1783.8899999999999,11,1169,241,1410
01fd077212124329bac32490e8ef80d9,1783.3600000000001,31,1170,221,1391
6806dad1da97bfb5a9038eac6881f706,1783.2600000000002,10,1171,242,1413
d2e753bb80b7d4faa77483ed00edc8ca,1774.94,14,1172,238,1410
5f3ae9136c875522250f8184f253413a,1773.76,43,1173,209,1382
ffff564a4f9085cd26170f4732393726,1770.86,20,1174,232,1406
5b97c06a046398e7005b2b7c0d707a92,1769.5900000000001,4,1175,248,1423
78a4d36f65a019172c6154468831a69f,1768.9,7,1176,245,1421
6b1c4d4d9ccf0be3d8544eb0e71e5318,1759.04,1,1177,251,1428
83b08de96980757220871b31bf6cffca,1758.38,5,1178,247,1425
b0f2a6122a90a93eb03e68653dd960e3,1758.2800000000002,6,1179,246,1425
2e1a7d075abe038c1b2743005fe42ff1,1750.55,19,1180,233,1413
6eb94e1466490d327a09abf8f3552a50,1749.77,10,1181,242,1423
e7f3bf1ecd8526eb7f3b18059e6716e5,1747.69,18,1182,234,1416
0eaa7e33d73809f1f925f7d07c506cbd,1746.9,15,1183,237,1420
7813ea3ebd9411dc600b4dd01f7a97b9,1745.99,9,1184,243,1427
5e105f5c9f63f5f1fd75d6cb942e55b1,1745.73,8,1185,244,1429
7e26c750b4cb9f6766f58265ff9ebe95,1733.1799999999998,23,1186,229,1415
d4ffeb15b67e81ff9af2b4252d99fb7e,1724.81,11,1187,241,1428
431050a06a317f2b38168dec3dcd2b46,1720.95,12,1188,240,1428
f08c008c8a8d31417763738a1788a2a8,1714.69,22,1189,230,1419
b6e1504972665f739dec4facb9943775,1710.37,14,1190,238,1428
70f84699be677ec988d1fa824aef7d90,1704.44,5,1191,247,1438
3a490ba60afa30ece0e7d50cfe74a4f0,1695.07,8,1192,244,1436
a414555ce331b8c8aea4a9cb8395194d,1693.59,7,1193,245,1438
a1040efe9ff4a6f93c28b0499eada8f5,1693.31,1,1194,251,1445
427165bf50f8ca07efc7bdc2bfcf1688,1692.9,5,1195,247,1442
671585f5a2af58b6e276bc01003c0d2b,1692.1100000000001,27,1196,225,1421
b8114f2f589a6804810f04f99b36b498,1692.03,8,1197,244,1441
863d2ebcd347ce4922de7a0f9a5581d6,1691.17,18,1198,234,1432
4d232b78ab7ef10393dc3807d827bc0d,1689.9899999999998,5,1199,247,1446
9a03a4e9eb0b947652fae4f6121a3f5e,1682.22,7,1200,245,1445
57c764b4a836300be881e2ff86e449f9,1681.11,29,1201,223,1424
b9ca8e8baa5d4aa038394a700f63e69f,1677.95,14,1202,238,1440
8ff1a9df749e454105c55cda13e79143,1677.81,13,1203,239,1442
9f50216bfd01913736a55a11b55ea842,1671.1,17,1204,235,1439
81336a0f57a33776419727a300249e90,1670.8800000000003,16,1205,236,1441
4ba52dfeba874da5b9ee7b17c7494f04,1667.9099999999999,11,1206,241,1447
542917da124346b47ea1ac79a93ce454,1667.08,20,1207,232,1439
ec933281fb017b5020d06df29c3f77e8,1662.85,8,1208,244,1452
20cb7c2fde3e5bf10f0bbe7394e1c6a9,1660.2799999999997,32,1209,220,1429
c5f7e746b7e6d07def6c0dae9903279b,1658.9199999999998,10,1210,242,1452
714b9a1332840f257b49f476bea4e341,1658.09,6,1211,246,1457
5145090ab595c0d0b8557199f5701fbf,1657.45,4,1212,248,1460
42ef3192a9ff87a22d1867b74b3ee205,1655.97,23,1213,229,1442
9b522ba7eae9e1d04082f267144583cc,1655.6499999999999,4,1214,248,1462
f5f46307a4d15880ca14fab4ad9dfc9b,1654.32,9,1215,243,1458
134285d1f41da5c13a756ee8142c8a4e,1653.6299999999999,3,1216,249,1465
128f9bfbe4c7d5185033914b1de3d39a,1650.49,14,1217,238,1455
b9a03475e6447e631b6799ec8274800f,1644.0800000000002,10,1218,242,1460
921323538c9f1c4e816f2720eac02bea,1642.2,15,1219,237,1456
1dd33b8119b3cb1056ed5dc88cd0aaf4,1641.7400000000002,8,1220,244,1464
850857dfac77488c307e2b1cbd84ab5a,1638.72,1,1221,251,1472
47648caee88ccfe951fbb27fbf7b4cbe,1632.99,3,1222,249,1471
5a425cc503b39b262a847fd6212bf53b,1630.1000000000001,15,1223,237,1460
52f9db5cfb423382a2fa5c9e39303202,1628.54,22,1224,230,1454
2dcf93836ae3ce0d7c93e2f10876467a,1622.44,9,1225,243,1468
49cdc90518a4f82676b38b3c1aa43ff6,1622.11,5,1226,247,1473
49067458c68f7701fd334ce326accbe0,1621.4999999999998,17,1227,235,1462
a5259c149128e82c9d6d46e0c1c812bb,1621.13,8,1228,244,1472
0afccdb8a34ee5c79f7c06faf2b4d56e,1613.78,25,1229,227,1456
9da1ca0bef29ee170e541927a5aeabdc,1612.03,6,1230,246,1476
186cdd1b2df32caa72cfb410bba768d3,1609.73,6,1231,246,1477
88cf19ec1fc2c58f161aee259d57142c,1607.6799999999998,14,1232,238,1470
985c92cc412091f8529c12d7f23d3fef,1606.63,12,1233,240,1473
8185694b58b2ba6de20fd41ae608bbea,1602.5700000000002,8,1234,244,1478
a7c88262832dfc683781d6a421edefae,1602.42,5,1235,247,1482
1dcfa3835714681d4ba4a93bc1e0fd41,1602.1,13,1236,239,1475
ecccfa2bb93b34a3bf033cc5d1dcdc69,1601.35,15,1237,237,1474
36890be00bbfc1cdb9a4a38a6af05a69,1600.88,13,1238,239,1477
11fb6f6d341adbe19e81733701704635,1596.6599999999999,3,1239,249,1488
3f8034bfc6b8b4135534975d49f04c63,1594.51,12,1240,240,1480
6426d21aca402a131fc0a5d0960a3c90,1593.8199999999997,23,1241,229,1470
e439f7176d763f92de325271111b2fd5,1584.02,7,1242,245,1487
0aea4c6ae1505b3228ddf3dd7822ee5b,1579.66,8,1243,244,1487
141440cad9341e553f8401c574a2aa38,1579.0,11,1244,241,1485
dace965ca58120f92f8d742a9fa1864b,1573.7700000000002,8,1245,244,1489
5bf397d04035b5f45cc41e82ec106803,1572.2800000000002,3,1246,249,1495
25e47381a6c510ddeb36084e33b89f0c,1571.71,16,1247,236,1483
b1aaae6b66ad3c40f54b389d7ea4bee0,1569.24,15,1248,237,1485
0ad80de75c811326389cfb1daba7d45e,1564.7199999999998,6,1249,246,1495
a13580f0e8f782b7a543885a0ef99f08,1563.6799999999998,10,1250,242,1492
093805f8f2aeb63881444571e1f48f30,1559.73,22,1251,230,1481
c8c1bea22194a4eefa2dc9a9fa89f536,1558.73,7,1252,245,1497
d101c6da914ae3d53f7bee42283f2fe2,1557.55,13,1253,239,1492
d7827b2af99326a03b0ed9c7a24db0d3,1556.7,1,1254,251,1505
f4a04f7be452aa3bb31760bf00055dd0,1553.9499999999998,18,1255,234,1489
fcf16b7a8697e559f0123190bb30177d,1552.5700000000002,3,1256,249,1505
0b0ddbc7b9d9584f442c7ac92b0ff6c9,1550.6399999999999,3,1257,249,1506
2646baaf662d4d92ac48f047e35db92d,1549.3899999999999,15,1258,237,1495
1284de4ae8aa26997e748c851557cf0e,1546.84,3,1259,249,1508
7357b52d27cbaa90f81a96cbc1279396,1545.83,12,1260,240,1500
c794dab4928dd97beb41d05514441e86,1544.59,16,1261,236,1497
89c127985a8b130cfa45c1d36764017a,1540.2,7,1262,245,1507
2d518637f53161b973e01f56ea4bb88e,1539.7,13,1263,239,1502
a36ac007a4d18f865c8d32c3b2402c2d,1536.9700000000003,9,1264,243,1507
113e3a788b935f48aad63e1c41dac1bd,1533.95,39,1265,213,1478
01ed254b9ff8407dfb9d99ba1e17d923,1533.71,5,1266,247,1513
8e2b3afb420011ef0c88c9d5f11ea526,1532.43,11,1267,241,1508
b5abf4f36adc043117b4fca82c22984c,1531.7900000000002,11,1268,241,1509
1caf283236cd69af44cbc09a0a1e7d32,1530.25,33,1269,219,1488
b43d8b707f887a30f4675391098354a0,1526.7599999999998,3,1270,249,1519
bb135baca94c82fcb731335ad5b04a03,1522.6799999999998,18,1271,234,1505
c35672b10ad50968f567ea3f4b91e877,1515.35,18,1272,234,1506
2bd05d410a8fd26dc4184a15f4f2f588,1515.27,6,1273,246,1519
0bebbb2cea103a4a020c95d43fd7d754,1514.3400000000001,9,1274,243,1517
4e06067cc08b3f41d837768d392c3ee3,1514.2500000000002,31,1275,221,1496
1464afc72f696af775557a821c2e253f,1513.78,29,1276,223,1499
17eea220a40cc0d2c0c5346379682398,1512.99,4,1277,248,1525
c7b7db6c8f3c64a7cc1afa634db21d50,1511.86,1,1278,251,1529
20b54c376b794ed028df09a3cd88e8dc,1506.55,11,1279,241,1520
7a425d299613df3e613bcf9d2eaf5c49,1505.4700000000003,18,1280,234,1514
da7039f29f90ce5b4846ffc0fcc93beb,1503.55,17,1281,235,1516
8629c241b3622ac12cd4118afdc8d394,1502.0200000000002,13,1282,239,1521
9a1aea68d3efa00862ec88c0768037d0,1501.71,7,1283,245,1528
b8578d2d823bd8e251f6fdd02b40902d,1499.6,9,1284,243,1527
bc07d855eac23aab5ac8a120f21d16b2,1496.18,12,1285,240,1525
4dbd95a08b31ede5c82d3f861cb1ce1a,1494.03,6,1286,246,1532
51ed72984a04e5dd35c2b27e77179038,1493.23,7,1287,245,1532
c3ee2331a724e6fc02c4b698b57a73f3,1487.88,2,1288,250,1538
f205b1a3ca9a34e0f8a228bae6e4c7b3,1484.8999999999999,8,1289,244,1533
5151aea44289d6c6b090ee31c2132508,1482.47,7,1290,245,1535
0e982cff76cc0579f632cea8a0e38c9d,1480.31,7,1291,245,1536
402916f742e5c740cc751493d9cf5053,1478.4299999999998,9,1292,243,1535
d1c7fa84e48cfa21a0e595167c1c500e,1477.38,12,1293,240,1533
f1b854361f4e15d5851b494df66f22b2,1475.2399999999998,3,1294,249,1543
04843805947f0fc584fc1969b6e50fe7,1474.76,1,1295,251,1546
a425f92c199eb576938df686728acd20,1474.75,17,1296,235,1531
4eb61f060e7dcc1d5a80d806c35cc541,1466.12,8,1297,244,1541
6b89abe95848c850399130d149a39b63,1465.73,8,1298,244,1542
e504a4e2efaa45cbff7e268a2c58c956,1464.0600000000002,11,1299,241,1540
2f73e04d12cdf0c945ded66bb3fcf6c7,1460.85,3,1300,249,1549
10ff823eda2b032e2c93d17a7d294736,1459.5300000000002,9,1301,243,1544
2d378dbb39815785238c0139c7647fb7,1454.44,2,1302,250,1552
a478c7961d6a992065b24e63b366f90b,1451.56,8,1303,244,1547
4736e9d642ef4257cd7622516931eb51,1449.7700000000002,16,1304,236,1540
556a6409838156ea299c9d1f9e2dde43,1449.6399999999999,4,1305,248,1553
010543a62bd80aa422851e79a3bc7540,1447.95,2,1306,250,1556
973f21788dfab357250f69a8dcb7ddee,1445.65,10,1307,242,1549
091065b789659bc3cd9af9cb3a6253ff,1444.37,2,1308,250,1558
c273175f7c6c80fb02f051e2fc6d0d72,1443.45,14,1309,238,1547
9140bd1d9de28b197dce077bdd687438,1442.9299999999998,6,1310,246,1556
3faf68a3b0af94b10bac70d86077be49,1442.0900000000001,7,1311,245,1556
6562efe88ce0826a4ca4f189f03b4b84,1436.21,9,1312,243,1555
5795aebfe331fbcd02a2c4b679fb7952,1436.0900000000001,6,1313,246,1559
7f40d06aa0b5f1aa4f41af8c0480e2ef,1435.62,6,1314,246,1560
5ee7fd217d08dfe5d3e2f51f96a12c9a,1435.18,9,1315,243,1558
325f3178fb58e2a9778334621eecdbf9,1433.37,36,1316,216,1532
b566ab0ef88016e00422755e305103c6,1428.2199999999998,5,1317,247,1564
3fac58ce0ad699020c7944d53c41329c,1427.9699999999998,10,1318,242,1560
334cab711dee080b079fa5779b584783,1421.37,11,1319,241,1560
cda598c48d7c614bc1cad7d8ff6f0010,1420.1999999999998,17,1320,235,1555
bc47d5d1490df2b36add65d733eafaba,1419.91,24,1321,228,1549
8ea394aed8138685abe1eb9f25e1021d,1417.6,2,1322,250,1572
269cff2d3c8d205c11f37a52402ea93b,1415.0,4,1323,248,1571
30a81d8cf85fb2ada1b1b094c9583a95,1413.52,17,1324,235,1559
e48cc16ab70bfa09e1401740dce0b3d7,1411.1299999999999,14,1325,238,1563
439a47cc365d6e3bd526812ea9de3c29,1410.93,8,1326,244,1570
5d76d80a2f5f39c891b996a1bf4c9853,1409.75,6,1327,246,1573
4cf490a58259286ada5ba8525ba9e84a,1409.39,8,1328,244,1572
8c5e007d7bd5693fa1386ffefbc99f6c,1407.4100000000003,9,1329,243,1572
e3d3b3efac954a60d61be70b7e05b49b,1405.83,3,1330,249,1579
7ff588a03c2aeae4fbd23f9ae64b760d,1403.38,14,1331,238,1569
7daca0837f033a41a6f3428c18657533,1397.14,7,1332,245,1577
8a9260f2b0340411d6d2a56bcf4f7378,1396.94,8,1333,244,1577
788e857f317e53de488d393e65a80f45,1394.9499999999998,11,1334,241,1575
67225bff54a172ff67579aaf583efd78,1393.11,8,1335,244,1579
5011f0d93373a4c5753adf58ca77af8d,1390.8500000000001,12,1336,240,1576
626ab1cd96932367f0eeec2e47046c12,1390.4699999999998,3,1337,249,1586
b55638ad525e906c698fa2ce742c1742,1385.67,11,1338,241,1579
2cb6eb1b7185064167657fa09f541105,1382.68,6,1339,246,1585
4324dd16853115efb0fd9d0d131ba6f4,1379.47,12,1340,240,1580
fec8cd45395b3cb0c2b173d7739706a1,1376.94,4,1341,248,1589
c0098efcf800861dcae589affca31408,1376.7400000000002,9,1342,243,1585
b586cd24c010a13916af621b0325fbba,1372.93,6,1343,246,1589
5d9f3746e112e696f98ea22c56b3e912,1370.41,1,1344,251,1595
8fdca8e349553f99bc738833a62c8802,1370.2199999999998,22,1345,230,1575
725af026f869236a8dd0ceb98564d156,1362.67,7,1346,245,1591
d4910f1cdcfdabd48d6b316e395d4a23,1361.92,11,1347,241,1588
5f26c1408a65b42a7224cd463bdf3292,1357.0900000000001,10,1348,242,1590
c88f62b4c386a59281014d677864d016,1350.5,1,1349,251,1600
f9d010e39375d9c91dce3f40b73a2f84,1350.1399999999999,4,1350,248,1598
d1b9d4be4b6f9ebd85f8acd6745ba612,1348.53,11,1351,241,1592
7c5b05cbdb5542049f38d90d7815b97d,1345.46,22,1352,230,1582
a066df7361163e7ddc5d7452dd17448b,1344.62,15,1353,237,1590
9ed65337433adfbedefd23dd76eaa494,1343.65,6,1354,246,1600
90d4125885ab6c86e8820a722be71974,1342.9500000000003,3,1355,249,1604
5b2e94f2c22b39ccc24d34ad0f669672,1340.1399999999999,10,1356,242,1598
3f2af2670e104d1bcb54022274daeac5,1334.1799999999998,6,1357,246,1603
ef2fbc2b607d8492bcffe657a4645434,1333.69,20,1358,232,1590
9d7a1d34a5052409006425275ba1c2b4,1331.87,13,1359,239,1598
6bef34c5be6f2bbd70aa5165f6df94b1,1330.88,2,1360,250,1610
abc015ebac1d283a323ca9db35ede4b9,1329.65,12,1361,240,1601
bb5d956dece964a06c12bceb66b923ae,1328.5,2,1362,250,1612
f5fea3ffed6c2e889bab72705557c63a,1328.18,3,1363,249,1612
700f03c207639c22d933381ff60b35c2,1326.31,4,1364,248,1612
45a3d05fb00435e52a28859dd03703b3,1323.79,1,1365,251,1616
00720abe85ba0859807595bbf045a33b,1323.4799999999998,13,1366,239,1605
4eeb99008a0f59d2c7759c59f9a346eb,1320.95,2,1367,250,1617
5b07547f10dd980738a1a27f685af669,1320.07,13,1368,239,1607
89f69225956f951295ca4c7fb1266553,1318.71,11,1369,241,1610
76ea5315acb3f5f7ade3cd261faf922a,1311.08,15,1370,237,1607
4091f77d8c768fc3e81c20761471761d,1309.87,8,1371,244,1615
b18871c324516afa228a13e8f1ef0ae9,1308.3999999999999,9,1372,243,1615
c878515173c84a492ebe50d6b493230b,1308.04,9,1373,243,1616
c1ed9e3daf6154542826a6996af0fb8c,1300.6399999999999,9,1374,243,1617
119d1aef1b4144adba89163f6cd9f5d4,1298.2399999999998,4,1375,248,1623
4ebdc7e6cd6102a022dadc49156d4ea8,1297.9,29,1376,223,1599
4fb41dff7c50136976d1a5cf004a42e2,1296.77,3,1377,249,1626
b5e3e38609125694d2ea2417522a60b7,1296.1799999999998,16,1378,236,1614
1cbd32d00d01bb8087a5eb088612fd9c,1289.5300000000002,11,1379,241,1620
dbec9a0a7efeff029d4d9dce7dc4cc95,1288.59,3,1380,249,1629
3dbbce181edfaa4a597ec858c382d2ec,1288.5700000000002,17,1381,235,1616
432c67955c0acd1fd6b0b5d678766a71,1288.4099999999999,3,1382,249,1631
577719699805dd125d5b6fdde5943bba,1287.3600000000001,8,1383,244,1627
5fd924b4836098a5be0ecf81ba054ce0,1284.34,7,1384,245,1629
734def04b237117a09321dd6d8f3f2a2,1281.23,2,1385,250,1635
4a1f694197d05fe70026b016a7316b41,1278.75,14,1386,238,1624
e84ad2127668df3aafc6b73531a0beb8,1273.73,19,1387,233,1620
de9727ca376d1be6ec121b110aa7954c,1270.0900000000001,10,1388,242,1630
9bc484c87d79cd4874e05ca182658045,1269.87,9,1389,243,1632
c8e135e7b21ecbc36c1153a29d2f5a06,1267.4800000000002,7,1390,245,1635
596849622429351f47b32e6cae1055ff,1265.19,14,1391,238,1629
9c4d31c7e46ab03a43fc06e3142afd4e,1262.72,2,1392,250,1642
04fdea0c111866e6cf812f1570d6b5bd,1261.9499999999998,10,1393,242,1635
327b89b872c14d1c0be7235ef4871685,1258.8,3,1394,249,1643
6c6cc59a5c00cacc5054ca06d65cc282,1255.71,1,1395,251,1646
1b65c144b17e607c0f37f10bb7dfec8d,1254.35,5,1396,247,1643
03a2a6dcbe45d639c4dc2a0d24769c40,1250.6599999999999,9,1397,243,1640
7238f877570096ae403c51898fa64566,1249.52,3,1398,249,1647
980640c45d7a4635885491d077167e4d,1246.6599999999999,14,1399,238,1637
76c47a299e4a8fe992316a85865acbe9,1246.3400000000001,6,1400,246,1646
457fe919b032a3f7dadba6fb92cf7855,1246.11,9,1401,243,1644
226b05fe067266c59c15dae208213d06,1245.5800000000002,10,1402,242,1644
83645b1645cdee8953ee54c29ceed564,1245.1000000000001,14,1403,238,1641
26785a546900236d66f2e4197c211158,1244.6499999999999,15,1404,237,1641
8fbd63429be6d3e5e6d1a709b6464802,1240.97,6,1405,246,1651
a20d8058c866dbaeca014d2cd20ac62e,1238.9,2,1406,250,1656
41da412d33e8da4f22baf55cb1bde82c,1237.06,15,1407,237,1644
08d2d642cf72b622b14dde1d2f5eb2f5,1235.2600000000002,17,1408,235,1643
5b664594895aefb418afaee6d40a9a23,1235.18,16,1409,236,1645
343e716476e3748b069f980efbaa294e,1234.7,17,1410,235,1645
71dc18fd8cbf5fd77f45dd8b427abb34,1229.4,4,1411,248,1659
4b39558c138930b9e5489c93b6df5fe3,1229.1,4,1412,248,1660
6a8a889bde935bafa76d7848782dfaf9,1228.6200000000001,26,1413,226,1639
1d2732ef8321502ee8488e8bed1ab8cd,1228.18,4,1414,248,1662
f0563bacf40c311f1c4d3d6b67b8a7a7,1227.78,1,1415,251,1666
1710c3aaa9c6b44ec3883ee0fe300e21,1226.55,2,1416,250,1666
fb3cfbc8a86f5d7fbb4d36b8df63f60d,1225.06,10,1417,242,1659
3c3017960b2dbd72711a61f0400aab8f,1222.89,10,1418,242,1660
4200ddf1967c5e41e48db62bc6d4b5ac,1222.7300000000002,22,1419,230,1649
3d4b1ae7539303b5704493798893e82c,1221.6899999999998,6,1420,246,1666
9261d76c62caaf0b24677c2ceb7f8f20,1216.24,6,1421,246,1667
fe87f472055fbcf1d7e691c00b1560dc,1215.9599999999998,6,1422,246,1668
3d4824f20035949c710eaf111f869d39,1214.58,9,1423,243,1666
b2eecf5ea250510da76590ca79d60e5d,1213.15,9,1424,243,1667
bf00385a5f7fc1ef39a13c2e9ee50a5f,1213.03,29,1425,223,1648
713e3a23ca5e47786eb6f0d99f94cfac,1213.03,4,1425,248,1673
18e694e0e48ed6f7aa3f24aade5fd697,1205.7700000000002,31,1426,221,1647
e250d617a0ad591ba9bd663e584a895d,1204.9099999999999,8,1427,244,1671
2d42ebcda99fd55f6f4bc2f1ca035d50,1203.9699999999998,10,1428,242,1670
10089e9f2fd0c668a8fd4e52e1698888,1199.31,3,1429,249,1678
10076e5788b8ee532724bcd460baf762,1198.78,23,1430,229,1659
c03121937e54a93fcc1825c3098bbb6e,1197.94,7,1431,245,1676
48328ec9a579151d9cc6a86d4a59336c,1196.78,1,1432,251,1683
9485a23c0430ba1d58d359391606fce6,1195.15,5,1433,247,1680
365e445f796710c3431557e85caa25db,1194.3,4,1434,248,1682
557f22c76691849db52d2abccf0015d0,1192.56,13,1435,239,1674
28f10b1c5e5abb9d4857745bede6147c,1185.42,28,1436,224,1660
eb72802c83dc7547529c9546d1a9b8ef,1181.63,8,1437,244,1681
167fd940acebc789debd6eb418c46e38,1178.48,5,1438,247,1685
3d5d0dc7073a299e31fa718ce1bc00b6,1178.13,23,1439,229,1668
8f2b51a30523cdecddc2f179f351c7d6,1176.23,7,1440,245,1685
e21a1e8be4715b0fcfd5385643bc49c4,1175.8899999999999,21,1441,231,1672
51e4e89242cbb846c2deff3dc015650e,1175.75,16,1442,236,1678
39f776d2974049026ff531fc42ef2a3e,1174.4099999999999,3,1443,249,1692
edd066cd02126d7800f9b66e980e9931,1173.93,6,1444,246,1690
7df1fc11cc5cbc518b39faa60cf5d67c,1171.9599999999998,5,1445,247,1692
05730013efda596306417c3b09302475,1168.67,4,1446,248,1694
e58a5b390e28abc0b216cfb0e07d27d7,1167.23,7,1447,245,1692
55dedd83e501d8248880557d9073cbfd,1166.0900000000001,8,1448,244,1692
d66c11a9572221d92fbb8c4897db5f9b,1164.38,16,1449,236,1685
8b655f0855926bcb49f5835d38dfddf6,1162.8100000000002,5,1450,247,1697
82cb9f452fe8334df74b22d37824b431,1155.2600000000002,14,1451,238,1689
515d781150feed28a6ac091bb0e3cb8c,1154.7200000000003,6,1452,246,1698
278b6e0b20c4f61fefaa0577943d7a35,1152.62,1,1453,251,1704
db46ca7bce82b11f7e247539271fc390,1149.8600000000001,16,1454,236,1690
e1dc0754bada9ee4cfe9713f22f61292,1149.7799999999997,12,1455,240,1695
05a940b4ecae36cadfd8e93bd9c43257,1148.9399999999998,10,1456,242,1698
f8201cab383e484733266d1906e2fdfa,1144.8300000000002,10,1457,242,1699
70849ca4f400aaabb62cb7462a6f1428,1143.2399999999998,12,1458,240,1698
1bc2e21de46adfea6b98cc96b00f3b40,1142.5500000000002,3,1459,249,1708
c54679b132454625907c773d273d4126,1139.9299999999998,7,1460,245,1705
c4fabeea6e569d42d02993bb1f4f1cbc,1136.52,11,1461,241,1702
33cbbec1e7e1044aaf11d152172c776f,1129.5000000000002,15,1462,237,1699
07017df32dc5f2f1d2801e579548d620,1128.2400000000002,8,1463,244,1707
2379bdc3888025689a9deb7b141507d5,1125.61,9,1464,243,1707
6cf476a4ca74498db55cbccdaa9dcfb6,1125.5000000000002,6,1465,246,1711
633ecdf879b94b5337cca303328e4a25,1125.49,6,1466,246,1712
d1582f4043306e6b91afa6a8a884f898,1121.92,9,1467,243,1710
daf565f087a52def0fd5c5825b3661bc,1121.8300000000002,9,1468,243,1711
9c690ceacd5c66731bf443ea810195cb,1121.02,10,1469,242,1711
ddd51ae8cda92f3995a51fc0f0f3eec7,1119.6200000000001,8,1470,244,1714
a2deecd5398f5df4987110c80a1972a3,1119.5300000000002,16,1471,236,1707
7aa538dd6e114e503a2e6154ea352253,1118.6,5,1472,247,1719
9198786624eaeb375793215cad26cfa6,1118.3700000000001,9,1473,243,1716
bfd938b22bc99bce1ae60dc602889f52,1118.26,6,1474,246,1720
e0eabded302882513ced4ea3eb0c7059,1117.19,8,1475,244,1719
7ecef8194babfec876ca720714327841,1114.26,7,1476,245,1721
d9442042130b7fe579d1295f9f4a248f,1111.04,19,1477,233,1710
41c9d3997dd3c072c31139dc5bb5761f,1110.54,3,1478,249,1727
b45d7ebfb7378630f1bcd74b6ff86ff7,1110.01,5,1479,247,1726
7994081388d55b9cf976c050653dd359,1109.6499999999999,2,1480,250,1730
670a9dda115b5a88b18cfadee8de2332,1101.9900000000002,11,1481,241,1722
f0e103c63864d5405b958d984b6e94c9,1101.41,11,1482,241,1723
91543f9849d68d023e17194926598543,1100.57,4,1483,248,1731
7a9c12e235c36247c3c81f50d6ea9cea,1099.5900000000001,5,1484,247,1731
7d7d2b7a51328016102d4528c411d630,1098.85,7,1485,245,1730
6025c79c035c3d772133b8b8238463b2,1098.33,2,1486,250,1736
17adeba047385fb0c67d8e90b4296d21,1097.31,1,1487,251,1738
ffad1e7127fb622cb64a900751590acd,1090.83,10,1488,242,1730
b7d5b4b87af9d42b601865d3f3810bff,1090.02,2,1489,250,1739
4221a7df464f1fe2955934e30ff3a5a1,1089.04,5,1490,247,1737
ef9952469137ff190bacafe117f51537,1086.6000000000001,5,1491,247,1738
a13aaf2d2886ab9fb30fb9a920160b8f,1085.83,4,1492,248,1740
a0d7fbb07bb5ebc3b05980e750db56f3,1085.18,3,1493,249,1742
1f867308a0ce13133a4e639ff4de0c02,1084.92,7,1494,245,1739
8e670472e453ba34a379331513d6aab1,1083.96,1,1495,251,1746
77dcbb67ccb3659bd58eaf5661560a30,1082.56,2,1496,250,1746
3d621842b2ed28e2b474132480edac3c,1080.7,10,1497,242,1739
cb4a705d00e100b9732d0ca34817d441,1080.56,1,1498,251,1749
8602a61d680a10a82cceeeda0d99ea3d,1079.9,17,1499,235,1734
010da0602d7774602cd1b3f5fb7b709e,1079.75,1,1500,251,1751
dc7192adf8ba09569261f4a8d576afe0,1078.4299999999998,7,1501,245,1746
5a05a16bb50629ee31afab8a6d4c2674,1075.48,14,1502,238,1740
79a679c36c08d606b3fd47ead9de109b,1072.22,3,1503,249,1752
68f86ba270525243e68ae74044f992b9,1071.31,11,1504,241,1745
4f1f1c8666cdb6442f775c4e8caed465,1070.39,2,1505,250,1755
ae45df84722b1d15c5f32b23a095746c,1065.49,9,1506,243,1749
13511db12ac61e2f89c53b72a944a60b,1063.97,6,1507,246,1753
e644cbadf7eeb30d0d29f335ce7d52ec,1063.5900000000001,8,1508,244,1752
c37b2059d4f90d4feead554e5246565e,1061.28,12,1509,240,1749
9d681c7e12db302cb261e721040dde65,1058.68,13,1510,239,1749
8a43128d7f9a3db592b866e6861a6cce,1058.49,3,1511,249,1760
6b9b80d53ba3676eafe60268a810b5a1,1055.66,10,1512,242,1754
80f2cf9abf6b5a0e5c612b5eea6646e6,1054.78,7,1513,245,1758
6e4f5ff6b086632ba8dcb558fb10249e,1053.25,5,1514,247,1761
b81e3a6c866a764974fe849821abeebd,1053.01,8,1515,244,1759
1bb3812d5f0747a3ab7348f199001a10,1049.57,9,1516,243,1759
74636e24f01da9268b0ed88dacd8513e,1048.6100000000001,4,1517,248,1765
e3a386fc36e22064434e1fa256f6a9fa,1047.1499999999999,16,1518,236,1754
dff87e4de60c9736ce8df835951b09bc,1043.43,2,1519,250,1769
a67780aba9dd436e7ac0aa1f889e73ec,1041.04,6,1520,246,1766
9e9b539eb2806acee3f5c28085c1db9f,1039.4699999999998,3,1521,249,1770
28872dc528e978a639754bc8c2ce5a4c,1038.9,1,1522,251,1773
caa9bc43a9fe8cf9c564ddd8a03cc4a6,1037.74,13,1523,239,1762
ab3e0c171fe84a7ba7de130f19cfb485,1035.7000000000003,7,1524,245,1769
e8dba4d70f7f2b20e775d09cae01142d,1032.39,9,1525,243,1768
d8cf3b6a2151949f930d0252b180ec42,1030.1799999999998,6,1526,246,1772
0791d9fc1e30678ecf03d3e55fa108d3,1028.99,5,1527,247,1774
48985c61529077fa4f1e38bcff0f2ed3,1027.37,7,1528,245,1773
a99504ac23ed125aaf5302af6cc30af9,1025.24,1,1529,251,1780
0ff83046c3fa22efee8ecf291888b191,1023.3800000000001,10,1530,242,1772
4ef4c39cf3c24f326434cf0b2e48046a,1017.1699999999998,8,1531,244,1775
63a79f5a7eb5cb48a7e5787b141c7993,1015.9300000000002,11,1532,241,1773
3f9c56764fabca627406093dcb3ef0b4,1014.95,7,1533,245,1778
808d4348b916efa08e766ebad39f61eb,1014.9200000000002,21,1534,231,1765
cac63f48c38cd7d002a7e846dcd99a23,1014.62,10,1535,242,1777
528bcf6680c36dddf07620bd35b33a6f,1013.84,2,1536,250,1786
bd4431c1a8dfa744b59e1e2a8bc99b9e,1013.59,7,1537,245,1782
cb6c9f5888a7a090c75beaf615925792,1008.97,11,1538,241,1779
1cbd50a8c52e6cf8e315c5709fab386f,1006.6600000000001,9,1539,243,1782
134a288e7de827ec5ec62e3ec9c3a295,1004.0,9,1540,243,1783
f783a638e9c6af4a7d0dbfde811e7a81,1002.9000000000001,5,1541,247,1788
c6a7539d424a8402232c2228d7a03c5e,1001.3199999999999,10,1542,242,1784
d4f117125b59ce73c3302f88ee40c458,998.61,17,1543,235,1778
eddd1991bd6d9309995a480c39b95137,998.41,3,1544,249,1793
e51f22821f0c12a16ad5c020cdcd55e9,996.8399999999999,4,1545,248,1793
340636a908b13bbe0f4fb63fbe1d0c03,993.1500000000001,5,1546,247,1793
fe1b067411b8c5066e962aa146ccee03,990.88,8,1547,244,1791
0aa2205ca24f113f4658a5c536667426,988.1,4,1548,248,1796
69b5eaa096c3f9d1e5c398c597f567d6,987.02,2,1549,250,1799
d9e7e7778b32987280a6f2cb9a39c57d,986.3900000000001,11,1550,241,1791
6f83d9e4da896daae20b9b6b2d3ff8d2,985.0400000000001,11,1551,241,1792
b19c48688808720822399ffa9f2dbe2f,984.8100000000001,1,1552,251,1803
da6a60cc8cc724fe51be021ff8be779c,984.5799999999999,12,1553,240,1793
39c763cca83e654764b7a4a650fb9b7c,984.21,11,1554,241,1795
160e4f13fd3a64b1b86807be88b5ffb0,980.45,4,1555,248,1803
e9729944ba65dc3ce425e0c5a22ae7b2,978.4300000000001,4,1556,248,1804
297d5eccd19fa9a83b2630071ff105e4,976.73,8,1557,244,1801
5c3460cd3e8a984382ae254e7dd20d9f,974.3,9,1558,243,1801
ca77545ca4d2dfd1431bf61334e2fa3c,973.71,6,1559,246,1805
efff9341f3f8f5237b44ff67ed36a7bf,972.6499999999999,5,1560,247,1807
41c2bad7229b0c25e6becf179ebf63ff,971.9199999999998,20,1561,232,1793
ac6417315ae5da8f9a38ee11de6f7780,971.4300000000001,8,1562,244,1806
c8025364abeecb115431bf95c11a747f,971.28,2,1563,250,1813
c89cf7c468a48af70aada384e722f9e2,971.0100000000002,14,1564,238,1802
8d46553a36e68f95350a200c12f8f2e2,969.6000000000001,13,1565,239,1804
562f8cfc51f265411f487d07e9c40e7f,966.25,13,1566,239,1805
e8a85b5f3df47be0984c55fd4064dbb4,965.99,8,1567,244,1811
d0d70d21e2234dd7cd3cf63fe414148a,964.99,8,1568,244,1812
b2c97074649f92197d9387d9033dda5f,964.0799999999999,10,1569,242,1811
87d3c3aeb3ead335511b3ce315eb341e,963.0600000000002,15,1570,237,1807
40536e7ca18e1bce252828e5876466cc,963.0,2,1571,250,1821
ba5daa4041e1f15cdf34b76e3e18a450,959.3499999999999,15,1572,237,1809
0aa124728afc1131dff5655f4c6f487b,958.78,2,1573,250,1823
3492e68f37fd1df87f4f2f2ea247f445,957.2599999999999,8,1574,244,1818
6861de0f40cacb0602e473c51639f980,949.7299999999999,5,1575,247,1822
7dc9a3355bae96dd82008b313d3a456c,949.62,1,1576,251,1827
a1544b9ea0b2390e020537d4daa89049,948.53,8,1577,244,1821
6d22a1fcebb6dd08c9cd90b92a93e8d0,946.4300000000001,12,1578,240,1818
8a40ae794fa3f9892cee24bd5af0488b,946.26,6,1579,246,1825
1961c3e1272bfeceb05d0b78b5bbfdaf,945.43,3,1580,249,1829
2dd1fb6f0e42a2243b8a01e40cd41216,942.7299999999999,4,1581,248,1829
a247197e2e9c19a6a53a6888cb8b660f,941.0699999999999,2,1582,250,1832
e5cbe890e679490127e9a390b46bbd20,937.71,2,1583,250,1833
2b03ac196f5ed62ac483960fe0fa3b65,935.19,7,1584,245,1829
a72c2f59332659e361d647515c698798,933.93,5,1585,247,1832
0d33a55da925bbf1ff02af5f6059fc7f,932.91,22,1586,230,1816
5a413ade68e8f8d93071a7f52a64cb9e,932.6700000000001,14,1587,238,1825
6e864f5c4669eff3d98140a07cc50202,932.3599999999999,13,1588,239,1827
eba88037e1dca898cd02881f67ced679,931.57,6,1589,246,1835
52a52b9f656520e99716f5bc40f661c8,931.2199999999999,7,1590,245,1835
2c43fb513632d29b3b58df74816f1b06,930.17,3,1591,249,1840
1430239a858e7682bbc43b20758af153,929.54,18,1592,234,1826
e1c76f339ebd5460999f25a2aa8c92c5,928.6999999999999,1,1593,251,1844
5962468f885ea01a1b6a97a218797b0a,928.04,8,1594,244,1838
11eac105f3f90a9b87b19c89d91e24f3,927.83,5,1595,247,1842
32e5635e63cb374eb63afdd242fb6134,927.82,1,1596,251,1847
75a4764c108403a7a0575140cb22287c,927.0500000000002,5,1597,247,1844
1cd9e0cc1839d55516843def5600816d,926.72,5,1598,247,1845
14ee35374a7876217954b5fa08e50463,923.05,6,1599,246,1845
134b867a0f7f8bbe6abf10f91874891e,922.8399999999999,1,1600,251,1851
9c7fd21e0aa159b20da593371f08ff7c,921.8000000000001,7,1601,245,1846
4deebb3199eeafb282ae33229144f94b,921.49,4,1602,248,1850
a3b42d266fa8afc874b909422ce88582,921.24,1,1603,251,1854
024b564ae893ce8e9bfa02c10a401ece,918.4000000000001,2,1604,250,1854
c8cc60ffd415254af5d9b9f34f32c369,916.23,8,1605,244,1849
638cba8be1fb599bbb76fd6948351eb3,913.8699999999999,17,1606,235,1841
ba6b4a237f92479743cf0ca06b67a9ac,913.71,8,1607,244,1851
a1bea7061f61f6fdd9a85a6325ba1033,910.8800000000001,9,1608,243,1851
1099a00e0ee3a50935e6c2447ca090c5,910.8299999999999,3,1609,249,1858
39d61be7a92eb77b7da367bd4845bc0e,909.62,7,1610,245,1855
7c51de0ab286204ce75ff42bf7c10d92,908.64,4,1611,248,1859
4c61e37f664c3c88aff092aa5ac779d7,908.1700000000001,7,1612,245,1857
d29ba1220fb8634fa3a107e54497b8a4,907.86,9,1613,243,1856
25be943a321c8938947bdaabca979a90,907.5500000000002,5,1614,247,1861
c00396cbdd2e088fe4281baa5920aef1,905.8500000000001,1,1615,251,1866
dc64d75cc406bb0697be983831430e60,905.55,4,1616,248,1864
49383af7ab774e4e8f3000f49c83dc4b,902.23,8,1617,244,1861
59cea8e446d3834393058e7e0666b6fb,901.1400000000001,10,1618,242,1860
b16d3dadc47d4eb18be3d88bad0775ce,900.5400000000001,10,1619,242,1861
28ea411b354f14b1a494be4e79f0ce02,896.93,6,1620,246,1866
71271995e85f5b8530be99ed54a91b89,896.8299999999999,8,1621,244,1865
365e4bce19bda0082c3d15d83fdb8bcd,895.02,6,1622,246,1868
ef30892870c278497523264be1be2241,892.54,9,1623,243,1866
0d4c8269e7f0401201794deef160edd6,892.03,3,1624,249,1873
253f95b3a0e6983ae18aed49fbc2b845,890.9399999999999,5,1625,247,1872
07de60b03d150fb3ea09eab5da5e4c8b,888.9999999999999,9,1626,243,1869
312ba1d77e9c332ef21f9598b7f64cd7,888.05,9,1627,243,1870
5acd070dd3fe441bbb2ec1f1ede515ee,886.37,7,1628,245,1873
400f221ab83037c0ea78f1267da9624d,885.8,1,1629,251,1880
5f06030071324cc52bf0304014ac7234,884.31,4,1630,248,1878
fd435faa3c0422b60440ea3480d0e77c,882.87,1,1631,251,1882
7a91bf945c6fae0779f1c61ce97fe45c,882.0699999999999,5,1632,247,1879
5996cddab893a4652a15592fb58ab8db,880.75,1,1633,251,1884
f435898e493ba0356019a0b1cb8b55b1,880.6800000000001,10,1634,242,1876
cd3d09fbe6e3e9ff0c0ac0c300e93ae7,880.23,12,1635,240,1875
6e1862e15f33d9994bc25922a85e1efc,879.96,8,1636,244,1880
014d9a685fd57276679edd00e07089e5,876.8100000000001,11,1637,241,1878
ba6ce6de456f6c11d08c17701ba5c26f,874.51,6,1638,246,1884
7210cd29727d674c00741e5e387b3ccd,874.18,9,1639,243,1882
b7cc6c5e001441ae8cdd5c69a480cbe4,872.3,6,1640,246,1886
c7fdb77fdbff3c41981bc52f787e959e,871.8800000000001,10,1641,242,1883
e560e4022d8f7aebf155db95946c5c0f,870.21,2,1642,250,1892
70bf57d811208f8923b41bbd499a67a4,869.73,7,1643,245,1888
f19516b9ff26bfeb091b30108db4ddbd,869.44,5,1644,247,1891
c6218512d16fcac0af02fe92691cf274,868.6399999999999,8,1645,244,1889
68ca56ce86830f3d31b1b7ec6a54da3e,862.96,6,1646,246,1892
458c6fa920810ce2492da71bc26d9eec,862.37,2,1647,250,1897
fe1bbc5feda5c8979a8a1b3b2512d5a6,862.25,9,1648,243,1891
9aa388272ee334b6ae07bc73706e254a,861.46,6,1649,246,1895
7bcd7c5f8631701474db233ccf1c094b,860.9399999999999,11,1650,241,1891
bc503e244f187939d10c92a5c8e378ce,859.8,7,1651,245,1896
aac51c486b672a9850d59f3e84b1cf88,859.5699999999999,10,1652,242,1894
52956b80ae65fda598f06f6b9943e7a9,858.8499999999999,3,1653,249,1902
3d68c634a99a1ba46dbca3967a69c623,857.7,2,1654,250,1904
6b15924333bd1a741595fe981ea04822,854.46,21,1655,231,1886
89a51f50b8095ea78d5768f34c13a76f,854.2600000000001,10,1656,242,1898
bdae679a9b282249bc23b9b69dae9a99,851.98,6,1657,246,1903
3969863bb8af7f72580b3b1ffd3a17b3,850.02,12,1658,240,1898
4a1917ef994878940e1fb03eeb787ad7,846.6199999999999,2,1659,250,1909
be8e909810184b9b19e886129149d8e5,846.0799999999999,15,1660,237,1897
6bb62a4912377c7bfe7cb17b406bc7e6,845.3900000000001,4,1661,248,1909
8bd0e3abda539b9479c4b44a691be1ec,845.34,7,1662,245,1907
9dc79dd988ac42f4d56c340d7048420a,843.9300000000001,4,1663,248,1911
da03c298e3999e9d828591fc2179d109,842.48,4,1664,248,1912
21c62b998a043ebe31161d38f84929fc,841.3299999999999,4,1665,248,1913
2ba91c7ad80ff88b23b7db823b43c233,840.3299999999999,6,1666,246,1912
c522be04e020c1e7b79f3acff36513d5,838.3,7,1667,245,1912
e73bf2cea7fe4b0b4d287a7568ed1099,837.8299999999999,4,1668,248,1916
236585a4ddb5fea9fa40233e2249ed91,837.6700000000001,11,1669,241,1910
851773c885feb5e2da3b4f82bc2b17ce,837.1299999999999,10,1670,242,1912
7354220fb240bde543b3c40c060d41e7,837.1299999999999,7,1670,245,1915
43402bdf22aa2310e8f99e2f94f78628,837.0999999999999,4,1671,248,1919
5f7300535881cef3b625fd683cf7d145,836.83,10,1672,242,1914
6524b847b982cd56bb5d4b02b776ee42,834.9399999999999,1,1673,251,1924
ac51cac5e20d69ff485a54746488ef48,833.77,4,1674,248,1922
f9eedec3129e8cc6b6429c42d0808c5b,833.15,2,1675,250,1925
ba6b68b55fe8704377a7d43c8e5c0185,832.22,5,1676,247,1923
2305ab43e846518f58dd9d59f3f54e96,831.26,3,1677,249,1926
11742f81550ac064cc9a40f67151d9ad,831.01,2,1678,250,1928
ad273c9eb54ecb4532de4bf75bae9e4e,829.75,10,1679,242,1921
de09d00cfc265b8804c7df34075a68fa,827.97,3,1680,249,1929
b0b346d3a89f5eb4c2968af3f083cd43,826.6,11,1681,241,1922
55c26bcb609f480eb7868594245febb5,826.23,6,1682,246,1928
bd1d49a326abfa9b1036772e40445430,826.2,12,1683,240,1923
a56e351445e5863fc8960640ba9190c7,825.98,3,1684,249,1933
94231344608e603693b0a8891143f65d,824.1800000000001,3,1685,249,1934
83d7070a0b9a8b4625fa8682b819fabb,822.4,2,1686,250,1936
5ef131ac72773e5b3f6c0d63cf424657,821.99,10,1687,242,1929
13f57c12a00ed4610db646b913a7f5c6,821.15,7,1688,245,1933
0d83f8e03188682112cc0d93523705cc,820.57,4,1689,248,1937
2063dd1b9f568df1c16741ea7d3e6adb,820.27,3,1690,249,1939
9535a841eecebed61a9fb1ac1cbb5597,818.33,2,1691,250,1941
ed8cb7b190ceb6067227478e48cf8dde,816.21,15,1692,237,1929
8e29d051f810eb22959ede205b462b9f,813.28,2,1693,250,1943
191d55f7edb8524d525ed01b20fe32e8,812.8,3,1694,249,1943
a254c682cc01e119f83530446f1df9a9,809.42,6,1695,246,1941
38102b031c2a15e54623d711bfc753d3,809.4100000000001,9,1696,243,1939
8c0de775f52fe41590b376a3b7c50f68,808.03,9,1697,243,1940
0a85ebe4e328db81ac9109781205e2f7,805.6500000000001,12,1698,240,1938
38e6dada03429a47197d5d584d793b41,803.05,7,1699,245,1944
d79e8478eed9999493990b44955fb22e,802.61,5,1700,247,1947
fac35d150712afb921ec59ac5f39bb11,800.6399999999999,5,1701,247,1948
179d859f51292aac5c10806a356f7af9,800.27,18,1702,234,1936
73b8eb4a9a729d4019b24ed1be748cbf,797.98,8,1703,244,1947
8d899e15a5925f097cca50faa49b15e3,795.98,4,1704,248,1952
8759e7aedd644f487315e5860962f162,793.34,3,1705,249,1954
56db5c0782e8f7ddc9343f9576ff6d16,791.9499999999999,2,1706,250,1956
2059c39f76271d4ca3f15b5ffaccc8b8,791.29,12,1707,240,1947
1d29dfba02015238dfbe2449a5eaa361,789.92,12,1708,240,1948
cf654707ed6a99f112c7ec3d6f314b8b,789.54,3,1709,249,1958
b7ed9fb14c8eadb37adb9c45d67ab0fb,787.75,7,1710,245,1955
e4ebd3f87bf70440014f07ddda7fbe03,787.26,7,1711,245,1956
8c91bfea4263b8fba54081460693e2a1,785.75,2,1712,250,1962
5bba18b40e8c973b0f32e748004775b0,784.8000000000001,1,1713,251,1964
6824a69c9ea0313eba299dd4a2dba09a,784.08,6,1714,246,1960
0b36063d5818f81ccb94b54adfaebbf5,783.0000000000002,1,1715,251,1966
d558ebe531605a1285ab2b1bc3256dfb,782.23,3,1716,249,1965
2aa3443d7bf9d9bb11133f420d75e083,781.12,10,1717,242,1959
b4b447d715f9ab302a188fb43d3e96b3,779.6600000000001,5,1718,247,1965
48fb026ed7455a42f5d3e9390ed5088e,779.14,11,1719,241,1960
7b98de631987e26dd6d803490c43a13c,778.63,8,1720,244,1964
d94ba08b99bedd6a5f6c875ecc4a6fac,778.27,9,1721,243,1964
c447f8dd3ed213f291d65ef074a268eb,777.23,7,1722,245,1967
89dda63a3c907c468ec88c310ed91213,777.13,2,1723,250,1973
525e75a6fb1454a2325ab1734bcec221,777.0700000000002,10,1724,242,1966
da4d149c0ddbac90557103ac0a0ec356,775.98,1,1725,251,1976
c33a5c3c983090c8b78a28e65052a20d,774.1600000000001,9,1726,243,1969
b64d51f0435e884e8de603b1655155ae,773.54,17,1727,235,1962
54aa8463e87776b5612f4bdc4bd5d4de,772.8299999999999,7,1728,245,1973
26af45f5dfd967225a832838aa4e24a3,771.61,10,1729,242,1971
b0398568231ba5e6734af1881671a317,770.12,4,1730,248,1978
228e4c1a0be164f613d41c24345f9d2c,769.44,5,1731,247,1978
f3295428338a40977a03f555246a70f4,769.3799999999999,7,1732,245,1977
8132b9bd16876e1b0f8808d43825dd48,768.9399999999999,2,1733,250,1983
768a86e36ad6aae3d03ee3c6433d61df,767.7,17,1734,235,1969
61c36f0fc4a47f9532e5512b66668e62,767.69,1,1735,251,1986
1352e06ae67b410cdae0b2a22361167b,765.22,4,1736,248,1984
9cad4b68bb993ee401a3c5aaa2bc26dd,763.33,5,1737,247,1984
9d5604a1f112324ad6b2aa552122e0fb,761.98,13,1738,239,1977
2fb25ab44bdbeae6a4d816e0d0c9d500,761.29,5,1739,247,1986
72c38a04bd6a1c3dbc5298425a0db86d,760.65,4,1740,248,1988
07d75e33f2750d97d467fb57e4dfdd8a,759.59,2,1741,250,1991
299c89a525fee36c567f4fe72f038100,757.75,2,1742,250,1992
01c97ebb5cdac52891c0ed1c37ba0012,756.0,9,1743,243,1986
acf974e4d5950ad143a247471b831eb9,753.6199999999999,5,1744,247,1991
6c99c983ce3b6ba0ab813e6790e81691,752.51,9,1745,243,1988
0570350b23eda5444f8d1d9544932058,751.76,6,1746,246,1992
3d3ccf2b2f8134b10dce9dd446f0e075,750.53,3,1747,249,1996
6e0908ef4d4efadbc3cc2b74ea477cb0,750.28,8,1748,244,1992
262237171f48e85819065498cac80d7b,749.0,4,1749,248,1997
02b72cdeb9cfcc429f1af6f4e3f3b737,748.6400000000001,4,1750,248,1998
b6dc74ed30f124f95227bed4e43a3bed,747.59,11,1751,241,1992
916748bc99315c2d202898ae58b1617e,746.5099999999999,25,1752,227,1979
95b293867b5862941c9cd74f756a3c68,746.22,9,1753,243,1996
26bad72add1f86e08a776ce4ffdaf1ca,745.92,7,1754,245,1999
aae5e7b457a3c72ee230a47d98fceda5,745.57,5,1755,247,2002
d9cd369bffa979d1634f8e1318bf2f1b,744.81,3,1756,249,2005
f52c2422904463fdd7741f99045fecb6,744.8,12,1757,240,1997
270d3ef21830ad0ecf3a6c53d08a533a,743.6700000000001,6,1758,246,2004
3ef37b7ca6dd2b80bd8af81a62504996,740.97,2,1759,250,2009
4e6015589b781adaa5ce7f1892d06bb1,740.5,3,1760,249,2009
6d988d6174a2c27441597174f8905515,737.2000000000002,19,1761,233,1994
11938fcc75f6902fea1d0a6f72b54a57,737.1400000000001,2,1762,250,2012
c84592044b180dec206770c38603814b,736.2,15,1763,237,2000
328acb143b4a73aad6bee8e734f5d20d,734.75,2,1764,250,2014
b274baf5bbd142410eb2958cf685d684,734.57,7,1765,245,2010
be3b4b0f050a6aa1b2d901c4b77e979f,733.7199999999999,3,1766,249,2015
39a5005f2605cbdb4f9ac14485cabfd1,733.66,3,1767,249,2016
8a207b6080964f3c1fc9d35bd6096ba4,730.0400000000001,2,1768,250,2018
eb5b6204dde3a6e03b5f1bb8479f055b,727.3299999999999,19,1769,233,2002
b12cfd255810394b60caef18ae163547,726.15,2,1770,250,2020
2f74af7a0ee5636f12c2336f9fffed47,724.47,13,1771,239,2010
c157bdeedcbc9a8e3c8bf0d87ff24428,722.97,7,1772,245,2017
1d503743d2526f03f0c2c89540ee008c,720.53,12,1773,240,2013
9c1c0c36cd23c20897e473901a8fb149,717.0400000000001,6,1774,246,2020
385799a1cddbd26dfeb9157356a42282,716.54,5,1775,247,2022
1b4b28463457a256e9a784ebe2a8f630,715.3399999999999,1,1776,251,2027
5d043cd5512d4bd2f88e5ccdd5736c38,714.91,1,1777,251,2028
5a6a02f419701fc8c605af71d4fc57a4,714.41,10,1778,242,2020
768de2a4fc06aacecb9a586ccc30746a,713.53,14,1779,238,2017
eebb3372362aa9a46975164bed19a7e7,711.3199999999999,7,1780,245,2025
a513150f33f99a06569e9cd5c4bb889b,711.25,2,1781,250,2031
cb9fb4ca75d7ba8437480e8dde64fe98,705.56,10,1782,242,2024
4de6e4ba574aa9dfdc824bc44dc47fdd,704.4200000000001,14,1783,238,2021
e601b04acf48b4576e73ddca9481f0dc,702.9399999999999,15,1784,237,2021
3f9be91358837bff69df67edfa3e42e8,702.06,7,1785,245,2030
89ad3263c0931c47f976d7c5778e60f6,699.74,6,1786,246,2032
b44dbfbf62e52125f3c15d230569ea91,699.0600000000002,4,1787,248,2035
5882f40daf39bc2a465e0cb453ddc222,698.9,1,1788,251,2039
6650fcccd8cd2f7e55ffa524f30c4c59,695.7,3,1789,249,2038
6e4a902d1054e4e17aa6eab87fac1c75,695.6999999999999,7,1790,245,2035
c53bcd3be457a342a97e39e5a9f0be22,695.59,5,1791,247,2038
b26741d31a563d769b4af0465ab20c56,695.03,2,1792,250,2042
af7cdac9d9897cddead9c6b08976c642,694.01,6,1793,246,2039
c458e2045a8aa8964f8879af03fdcce6,691.7,4,1794,248,2042
4be6b962d83299498bae2190f95d6566,691.09,11,1795,241,2036
3be5841cdcc46de4ed3f9116f104b2c5,687.95,4,1796,248,2044
6179a28a13a726c29b3bf54c070dccab,686.24,2,1797,250,2047
70b52a4cfc823994561b00bad161b4ed,685.3499999999999,8,1798,244,2042
26d6bbee02420494d471c9f6436929c0,681.6999999999999,12,1799,240,2039
3968920b9aa752ab98f7d5888c9252f2,681.01,8,1800,244,2044
c52c644cc0dc85121207a27013efc6af,680.96,1,1801,251,2052
6879c4d287a8dd06b11f54ea8f78e4da,677.13,6,1802,246,2048
6eeed17989b0ae47c9f11ece6f38ea90,676.01,3,1803,249,2052
53336f97ddbe53e2a617d07b17447b95,674.83,1,1804,251,2055
83353a83fd769dfafa4f21a72b15e3e5,674.3300000000002,5,1805,247,2052
685b870da5b52a710782c9c0fefbeb5b,670.98,2,1806,250,2056
ff4e2d38692ce827b1a4f4b8196e680d,669.1800000000001,11,1807,241,2048
6dc9bec584588412a6a338830946a3e4,667.8299999999999,2,1808,250,2058
48efc9d94a9834137efd9ea76b065a38,666.0,33,1809,219,2028
bf961104a38e01b9062ee026bb657dee,665.46,4,1810,248,2058
63ffcb71394dd8ea3872ed9ffda17c74,663.72,17,1811,235,2046
e4fc40017a6d22c46a14ac2e17f87c3e,662.05,3,1812,249,2061
4170f6a9367e6b5d6401d03ce6d54569,661.81,4,1813,248,2061
b5bb2b985208834bd5bd86c7a402bbad,659.72,2,1814,250,2064
7402d13c03a7e91366337cd1de471144,659.5699999999999,4,1815,248,2063
89bc797e2e29667aa035d4368f9b7f92,659.45,17,1816,235,2051
c7a0a13cbcf29d5ce51c8f80afdc0b89,657.8,8,1817,244,2061
ad8ada0ffa993cb1197d102d9ab21a3e,656.16,1,1818,251,2069
4e326052e5dbba8adcd512f3450a307e,655.96,3,1819,249,2068
6ee85be3693ed79a8e80718743d80655,655.3199999999999,9,1820,243,2063
9e6967d3cf386d284251784b18ccb485,654.9,9,1821,243,2064
f5b44895715ddfe3087dc414f30268f3,654.44,19,1822,233,2055
791cfcfe22fe4a771ece27f90017da92,653.75,2,1823,250,2073
13c2ed7698b3ca92dad49e849219da59,653.29,8,1824,244,2068
d4e4b5192cba4e0e66eb12a9d347239d,652.0899999999999,12,1825,240,2065
bbaff50f3b708fda865918715276cd87,651.77,12,1826,240,2066
3ea00e1dea2b0659dbaf654735929220,649.97,7,1827,245,2072
a35ef466c6fd6d052f5d241240d3c5e2,649.55,3,1828,249,2077
7c1fea10b5b006671d608b1d7c446ec4,647.75,14,1829,238,2067
2e7ea2aafec5835e781b21d6d1faf1f1,646.62,7,1830,245,2075
1588ac4010787100dddef64568f0ae35,645.97,3,1831,249,2080
bb2afe2061d53c6968aa0cffa233a8ec,644.02,5,1832,247,2079
e627629ba868740e287800f1a9be81c2,643.55,13,1833,239,2072
8b2d4ab22f42c5cfc338b846decfda60,643.3199999999999,6,1834,246,2080
c3aad7dc65449ae90a5e9c3c6c1e78e0,640.36,6,1835,246,2081
ce616e1913288884e7742faac9d981db,640.03,15,1836,237,2073
1fe61aa5494bd3ae92a2c13e067c810f,638.5799999999999,1,1837,251,2088
f9ec7093df3a7b346b7bcf7864069ca3,638.1300000000001,9,1838,243,2081
74871d19219c7d518d0090283e03c137,637.9100000000001,6,1839,246,2085
b87a7ea0c30fad2dd6781b74a0064859,637.75,9,1840,243,2083
1f7fd2a6fcd5a6fa5d8a4dabc72aaae0,632.68,3,1841,249,2090
2953ce3a88f5e3c3b696d77fc9e4c8eb,631.32,14,1842,238,2080
d197aa8fbc64087f61984deef05f6227,630.65,6,1843,246,2089
9599519be538b98748162a2b48248960,630.0600000000001,1,1844,251,2095
70125af26c2d6d4ef401a1d02ae7701f,629.62,5,1845,247,2092
6c17baf138731a4aaacc3210adf2037b,628.7199999999999,4,1846,248,2094
c42fd8e4d47dfb18ce5222f2dd7752f9,628.6299999999999,7,1847,245,2092
5f5a58930c3c35f3b5af264f34fb8c85,628.5899999999999,3,1848,249,2097
cd2169d9f31ff6fbb9ca3373b0c9e354,625.33,1,1849,251,2100
b3f19518fcec265b2e97af287725f981,624.48,9,1850,243,2093
3d0cd21d41671c46f82cd11176bf7277,622.38,9,1851,243,2094
7b7f91e98f8c6def45a1407923304402,620.49,11,1852,241,2093
d7485b33791774c36108f8c69602d48d,619.1400000000001,10,1853,242,2095
32fdd5d44ecb43dfd6a24b9369eca144,617.88,8,1854,244,2098
33cbda8716511e27e556dff9d8418bf2,615.5699999999999,5,1855,247,2102
4a82168aaef173cbb6e46ae88728f919,612.39,4,1856,248,2104
eb9cd5b35d95206585e2185318cb5c61,611.55,2,1857,250,2107
a2fa0bdc798ee84cdb08281337cf4fb6,611.02,10,1858,242,2100
f524ad65d7e0f1daab730ef2d2e86196,609.5,1,1859,251,2110
b248792ac0b60ec3f93d80af1b4fae47,608.3499999999999,7,1860,245,2105
fc59392d66ef99377e50356ee4f3b4e1,606.96,5,1861,247,2108
a06c8ff043abea0528ee44171e2140a2,606.9300000000001,8,1862,244,2106
08084d990eb3f53af056ccbc1730c8a7,606.7900000000001,12,1863,240,2103
35b96509602ec4b7da831b5cd73ff2c2,606.45,2,1864,250,2114
08d1c9478fb0d7d7fcac9c0da4e82fc7,605.5699999999999,1,1865,251,2116
e1b12447a7563944843191754aeb5562,599.13,9,1866,243,2109
97e995629983723d11830a829bc2b246,598.87,5,1867,247,2114
6e13dd869aa7185f601c941423abcc8f,598.0799999999999,5,1868,247,2115
e3dd723429d1b23614b7fa85e2c7a853,597.6199999999999,7,1869,245,2114
7994b065a7ffb14e71c6312cf87b9de2,597.3399999999999,5,1870,247,2117
e433f5fd4050e3352b5d83522b7fe24b,596.77,1,1871,251,2122
20a7efa9721046319bdde5d60b6b5365,596.59,3,1872,249,2121
ccbd753e6863fe7314dc6c0ca5a074e7,596.56,1,1873,251,2124
f650a9708fa1bab22bdd8d3a818cc415,594.58,5,1874,247,2121
bd15ee794d5e640d9dd71b665b2ab15b,594.1299999999999,12,1875,240,2115
651fe66032c9520ee5587f694908040d,592.73,7,1876,245,2121
64b87978a11c1ea7501a89eabe8c2c1a,591.8299999999999,7,1877,245,2122
6219ba2359cfb97f2e38fd4c321eb309,590.5500000000001,6,1878,246,2124
2c3d56f92f360fb89d849b84e8f50eae,590.44,8,1879,244,2123
55029529919c0123526150bd26ca8f20,588.8299999999999,7,1880,245,2125
35fb511489d9ee3ee27a76debce9df06,586.7900000000001,7,1881,245,2126
2009a095de2a2a41626f6c6d7722678d,582.43,8,1882,244,2126
e59e489e2ea74bd409b798b5daf49de3,581.76,3,1883,249,2132
0951a6e282947e09cd47969f4ed0b47f,580.32,7,1884,245,2129
7e79d65b5c6f1f544b7daea036acf720,579.8900000000001,4,1885,248,2133
820c7c9eaf76d2b226b6c242bcf3f34d,577.0,1,1886,251,2137
acb6c2ca5c82411c1fdb88d5fd5eb95e,575.49,10,1887,242,2129
2493dc3f20131696a0ecdb9948051a8d,575.0699999999999,4,1888,248,2136
f22a247b79dd22ecd91dc8e3b2a1b07c,574.8399999999999,8,1889,244,2133
4e480be820e37de1444325ff358c9296,573.74,1,1890,251,2141
ea00f977a203ff88adf7057cb7806998,573.4,19,1891,233,2124
35857757f553273b1056c1cabdace7fb,573.34,6,1892,246,2138
b9c0ffa92f3ff9a5a3d45ef7213c0842,572.17,3,1893,249,2142
979e9f8b5b39dd243a2550c8b05aecf0,571.88,3,1894,249,2143
9fc70243fb26800cba56e8f014797004,571.3000000000001,6,1895,246,2141
4cc4fd4fdd406a85bbdc1f824b731bd7,571.22,1,1896,251,2147
2b2fed75b8e5ea3a052fc4c0825da485,570.83,3,1897,249,2146
fadb07c842a2aef5d5a676b85f220e71,570.37,7,1898,245,2143
ff314fa6033cc68ec451c47aee2d6ba4,570.3399999999999,2,1899,250,2149
28fb0829fd777877cdc350d25cb5bd5b,569.26,4,1900,248,2148
79ee721b6f766066a80264402548d359,568.3599999999999,2,1901,250,2151
59cd88080b93f3c18508673122d26169,567.71,10,1902,242,2144
b080809eaacb49e5ca07290981472431,567.4000000000001,11,1903,241,2144
0c7f30ae9b147eca07affbef92832a6a,567.1100000000001,5,1904,247,2151
c286ec035ee04ba81c97508f0b5df544,565.9,2,1905,250,2155
64cc804291f90c81f02bfc2bb58ff55a,564.14,2,1906,250,2156
a8739afb32aaa45e01815ca76f76f54b,563.56,13,1907,239,2146
09bad886111255c5b5030314fc7f1a4a,560.36,5,1908,247,2155
d65f31d2413268e671989503f6cf9993,559.95,2,1909,250,2159
5e49e3a44bdeb5aab2684258bbd4f525,559.7700000000001,3,1910,249,2159
bac692d6c0ed08467878018e6cc9c26c,559.23,1,1911,251,2162
29e6e05b65f93bc224c644319dc52ecf,558.9200000000001,4,1912,248,2160
f1198c871e0171278b63f40d112caeec,558.0699999999999,2,1913,250,2163
038b75b729c8a9a04b0d07cba7eabe86,557.8499999999999,2,1914,250,2164
08d0949a9a17c027262db1f3c450c26c,557.8399999999999,12,1915,240,2155
c026ef0d72e9132d9fa112308090c8dc,557.72,1,1916,251,2167
48e954b2da4f6a750c844173b347ed40,556.81,2,1917,250,2167
c1f12f926d0ba950578b4fa41115cbb6,556.56,2,1918,250,2168
bd149ed516d4c5d418d5781f8e18919f,555.94,8,1919,244,2163
0747d5bb69f0586cc869d8af4c50f93e,555.49,14,1920,238,2158
a7dc4098e4da6e41b426269d12ae7e91,554.45,2,1921,250,2171
0ddefe3c7a032b91f4e25b9c3a08fca1,552.9,9,1922,243,2165
404e1ba01358af4cd63f679b2c4d1fa1,551.73,8,1923,244,2167
86ff3eaef0267069cc891a2ed9d10a17,550.36,7,1924,245,2169
4049512728d969bec69f84088b012416,550.27,7,1925,245,2170
5dc203c7b84a0e71e878a179de05fb9a,550.05,5,1926,247,2173
8fec2e460530482132c436cfb5439925,548.61,3,1927,249,2176
fcba71d4d5db057f43249145e4eb1e27,548.27,3,1928,249,2177
ed9eef5be0992d413d251fadba1a410d,547.3399999999999,3,1929,249,2178
7e959205cebc10adefcb331f934238a4,546.5500000000001,2,1930,250,2180
265fdc289dffa9f1ad801c74f7d0de47,546.55,1,1931,251,2182
3296662b1331dea51e744505065ae889,545.51,1,1932,251,2183
a53f60f05f822b5c621a50ff6a5cb362,544.53,4,1933,248,2181
a5bff0f43eb51f0cad7c37fac7244c8a,541.27,4,1934,248,2182
f88adb15807168d3c43d71021090ce4a,541.0600000000001,3,1935,249,2184
079d295dcbf06ee8bb1b65ba964eb2b6,540.0899999999999,5,1936,247,2183
117cfc326c6d50da67ca858ff5c0c852,536.08,5,1937,247,2184
b29d3380981c51df13fc6fbe87e1763d,533.88,6,1938,246,2184
e5899683388855d3dabe8913bbe365de,533.8599999999999,3,1939,249,2188
0249d282d911d23cb8b869ab49c99f53,531.8799999999999,11,1940,241,2181
20a8b0dc55da94fe74d112082427c84f,531.38,7,1941,245,2186
6b803197e03abd5056b4313306b4f29d,530.62,7,1942,245,2187
feb793c88d836c3a75efa4b5a3465d70,530.17,1,1943,251,2194
83a75eea11694e36e56dd0cb2240229a,529.47,3,1944,249,2193
ff1e15b778c700abdd4d239b81ac466d,529.1600000000001,7,1945,245,2190
777a0c55737f34ffeb78010f7542ab41,528.33,6,1946,246,2192
ead2bab70821ea148476ae9bc08548ac,528.3,9,1947,243,2190
6c1b6d0c604b776f844125f911eb7377,524.5,5,1948,247,2195
101a3a003516bc11253298b2fad3cb65,524.0,5,1949,247,2196
08f5819815f3d06545011850bd70f0a8,522.83,3,1950,249,2199
968ee78631915a63fef426d6733d7422,521.67,2,1951,250,2201
c0e6839516f5398edc34adf5f1d53d1a,520.84,3,1952,249,2201
c7dcd301ecfe5ab7f778ac172cf74be7,519.8299999999999,4,1953,248,2201
ee2fbacc2fc3794e656cc4d933d59ce7,518.7,2,1954,250,2204
35ef5aa32949680f627efec3c23e705c,518.41,4,1955,248,2203
b98b715fe9e276204e2a3464f48cd796,517.6200000000001,6,1956,246,2202
d90fe2229fee1a5da999ccd0c06c1667,516.91,3,1957,249,2206
3985a3c45be355a4c57fde108bfabd1c,516.2,7,1958,245,2203
c3f5668699a1b04c0fa61ecea1e2bff6,514.9300000000001,3,1959,249,2208
761681a821d8275bc79f552116d06869,514.9000000000001,3,1960,249,2209
41b14765bd56c8ad10971074380f9c0c,514.63,8,1961,244,2205
5c853bb56f70f4d14218944bae111d7a,514.1899999999999,23,1962,229,2191
29fe9f200d3fa0c668d2aa1ec7e08dfb,514.1600000000001,5,1963,247,2210
c3251e13f1bbda6c74e37c160f991e19,513.08,2,1964,250,2214
70c4eedec9cb4a85cda2f3f9673557b4,512.5500000000001,2,1965,250,2215
7816cd9c5b1238e320545f5bf7eb80e8,511.76,1,1966,251,2217
cc80e2f693fa6e2408f47ccf62413fc1,508.63,2,1967,250,2217
9dd59e43f0c9f0553244e8f9c2fb247e,508.12,10,1968,242,2210
cb0b3bcf14e0a709df412a99424a59d7,507.43,2,1969,250,2219
f4ce8ca9fa7157e3b33f536ac9a4487d,507.13,4,1970,248,2218
85cc55e048b6bcc90c75afe7f0e72f72,501.76,9,1971,243,2214
89de2d6f23e9746ff309705b23581faa,500.08,8,1972,244,2216
7c4618c82226628831613e95e9c22f44,499.4699999999999,13,1973,239,2212
0fe2d9733ed841eb064503920015a8c0,498.35,3,1974,249,2223
ce20a2ec1514c25e16f2b5b39bc818f0,496.03,4,1975,248,2223
79565f7d5603b24ddf07ade262547f2f,494.07000000000005,8,1976,244,2220
41e0fa5761c886a630994a55c12087e7,491.90999999999997,5,1977,247,2224
c714262700f93defc16bf17a51a4cb23,491.33000000000004,4,1978,248,2226
c24173065483e421f9e5e7f599de101d,491.21000000000004,9,1979,243,2222
98115075dd26cb8835946fc6086f5d30,491.19999999999993,4,1980,248,2228
a35124e2d763d7ca3fbe3b97d143200f,490.39,4,1981,248,2229
939e6227d6964a11a70aa91243e418f2,488.25,4,1982,248,2230
92d14edfb62ee5ae7fdff70b0f4e7233,487.65000000000003,8,1983,244,2227
f7df46c1e0ec44eed5c6726478da4a17,487.44000000000005,3,1984,249,2233
dd88d13bea9e4c2bf47daf224f8141e5,487.38,1,1985,251,2236
ae8bfdbf1c2a2a2dee92d799db0a31c6,486.14000000000004,8,1986,244,2230
ab27bbbad5239bc31a34709275a70db4,485.05,3,1987,249,2236
3d01d1c414c44b5943a09619ff3853cb,484.94000000000005,5,1988,247,2235
0a82f5fb06a4fe4ac2cf7cb412ec71b8,484.8,2,1989,250,2239
e546117ed9cafbc40239c0c78635c584,484.34000000000003,2,1990,250,2240
e53d5b9b29d1218281f4a907ada18626,483.91999999999996,4,1991,248,2239
3076499bbc033a927bf4a8a41bcf7fd4,483.63,7,1992,245,2237
55c96925041a14097b6a7825554f4ad5,483.3700000000001,6,1993,246,2239
bc30de0d71bd6260b936a026b5cf7200,482.84999999999997,3,1994,249,2243
64c9a1db4e73e19aaafd3286dc448c96,482.6,1,1995,251,2246
e603cf3fec55f8697c9059638d6c8eb5,482.46999999999997,8,1996,244,2240
189ca3538ce9f920cacf0f982cbe223b,481.67,4,1997,248,2245
dc50afafdfa325eadc890c7fa42a8f4e,481.48,4,1998,248,2246
0f0c984a4a955310903b6b6008660bad,481.38,4,1999,248,2247
392353362d22cc2c236e1ee81ff19890,480.66999999999996,5,2000,247,2247
5275ca25d0358ca73864e0ae41be1320,478.82000000000005,4,2001,248,2249
042573af89b6d931f672efaf789d8358,478.57,3,2002,249,2251
2bf28e311bba65237358230cabac3f15,477.88,7,2003,245,2248
6d7f8d9d594e28796b6b3205b00f459c,477.01,3,2004,249,2253
184a67a8f9f63234d3a92340bbdb727f,477.0,8,2005,244,2249
a11a0e0ca67423425691db355cff69b0,476.97999999999996,2,2006,250,2256
aec99834ab5d38ead22766ada8497e87,476.51,1,2007,251,2258
a21c11ec5c3f03e7cc9f9203bff9e1c6,475.88,3,2008,249,2257
6d2f2e3b539480db1e0842b3a4e32e6e,474.26,3,2009,249,2258
34a557286ead8fe75c989e0afcf7d98c,473.46000000000004,4,2010,248,2258
b56828a9f9027f3c918c04ca720d9e3c,471.61,3,2011,249,2260
fc4751cfe3b279c419615b9b00c1abb4,471.05,1,2012,251,2263
9853a239ab7b7ebbdc3a21248d5b8e1f,471.01,5,2013,247,2260
de66a66f2dd06bb9ec37aa96987466a3,468.97999999999996,7,2014,245,2259
1e9d5a33694bddb76316fd1f54734d20,468.94,2,2015,250,2265
5e106d93b717c2682b9383da480364a1,467.60999999999996,1,2016,251,2267
f12d3c2a14729ae461b920c11fe20fdc,459.32,9,2017,243,2260
1acde099eb406aa220b1169b188b42da,458.5,9,2018,243,2261
57d2ba47f7a3209aa347532ae75c1165,458.24,2,2019,250,2269
b67d6c666e8dce1d078c882825e12704,457.03,7,2020,245,2265
9b76ad3d04236f76bc71c59470305e13,456.63,2,2021,250,2271
7b7ed56ae755e2880f2b69632e839c1e,456.6,5,2022,247,2269
d2f3e277560ed4c6361284429b00f037,454.65999999999997,7,2023,245,2268
94d76e96eedd976258cd3278ce56d5f2,454.17,1,2024,251,2275
a45314082d50d578a4721c9787ce09ab,453.92,2,2025,250,2275
6bd503a8230299c9316fb0f726933927,453.89,4,2026,248,2274
4e42581f08e8cfc7c090f930bac4552a,453.8,3,2027,249,2276
78ef7e885d17f35e2382a47aae8b8cce,453.43999999999994,3,2028,249,2277
c79151301b9d90985d1fa52879213105,453.11,4,2029,248,2277
27a56ff04b34c2ba34ce6ba4d3b9d616,452.27,8,2030,244,2274
7d294cf9a6a69dc6a0c3e540fff0e039,451.38000000000005,5,2031,247,2278
c13ef0cfbe42f190780f621ce81f2234,451.28,1,2032,251,2283
62760d278921b5f352461620d68a9cee,450.1,3,2033,249,2282
1e8c6a4c538f286aee9573239740a4b4,446.82,5,2034,247,2281
fe4cd9461203cee790d36792420b310f,445.53,3,2035,249,2284
73da1880b39c71de2b262bc7720c1494,444.99,2,2036,250,2286
d5c530f4884a75ae0dba9c148718d278,444.92999999999995,6,2037,246,2283
d263fa444c1504a75cbca5cc465f592a,444.07,1,2038,251,2289
fa14641f57b655e933124a9ea49cd7a5,442.99,7,2039,245,2284
615005a3ef192c00c6f0e977cee3d2bc,442.14,10,2040,242,2282
5563732abe64c3036cb97ad924128dd1,441.6,2,2041,250,2291
4a23adac87cf538689fa600d976f78b2,440.4100000000001,3,2042,249,2291
a37c340b91cb0169e8b029db6440fba2,439.95,5,2043,247,2290
c8660dcf9ba70575f45d80fe28c27713,438.99,4,2044,248,2292
51209b446b2073894bdc0face6c73ffc,438.88,2,2045,250,2295
933446e9a59dece7ae9175103820ca8f,438.84999999999997,2,2046,250,2296
ad87df7699e83b8a91822a4a0b765c3a,438.62,6,2047,246,2293
830379336fad8c6f3b15a4a3ddb5c66e,438.38,2,2048,250,2298
0bfd0b434243adc5c2e1aa6baf19c6aa,436.99,6,2049,246,2295
12a8eb0f8d1cd3270695bf2a99f55966,436.66999999999996,2,2050,250,2300
9ac4f14370b1e24ddc58be041b7f99df,436.65000000000003,5,2051,247,2298
4e85b538b0dad58852641540686d0e14,436.34,4,2052,248,2300
61b18775be84fb700a6b2d0ba097bf66,436.01,4,2053,248,2301
085f6f7e049c996695fb2074fe38d45e,435.96000000000004,6,2054,246,2300
a080fc8a850289b27500f6b49cca2553,435.56999999999994,4,2055,248,2303
9d39404483343dd55c7ae254494d8388,434.28000000000003,10,2056,242,2298
15ead3a5037a918ddb520dfe39a3d2b9,433.95000000000005,7,2057,245,2302
559d56f3b8f0bc2e5a9a62fe2ce2a39f,433.72,2,2058,250,2308
d73cbd89533ce8b041a9190241453ac8,433.62000000000006,4,2059,248,2307
62d977e2b2aee830de3e039a28490d12,432.12,2,2060,250,2310
f44bdc12aa39f5271f0b95f66cd4c289,432.06999999999994,5,2061,247,2308
c1849d4d32d7a6cecd5aa471809d3135,430.71,3,2062,249,2311
f7315bb81aea4ddca2d39e249a801c98,430.08000000000004,2,2063,250,2313
97e4a63591ca439a2b8b7efd20e6e19e,428.5,5,2064,247,2311
31eec405c9bb71dec8e2629a92e764fa,427.13000000000005,5,2065,247,2312
52092ddbd3a58c450a4459bf051b2287,427.04999999999995,6,2066,246,2312
a64e44665225d19dfc0277eeeaaccc57,426.76,6,2067,246,2313
a5dd1946fb63ada8bcaa0c9cd8f11e22,426.33,6,2068,246,2314
1967a9e2ad6f51802b093147d861df58,425.76,2,2069,250,2319
2f4b0d3b9634b647d4edee577d7ebb7e,422.31,10,2070,242,2312
cbbd5ae8f53de5f5097cd8217b529e24,422.25,2,2071,250,2321
f543ba3c973276f519d89d59bd46cead,422.04,2,2072,250,2322
8fff28c4263ddec387f28d237fb42773,421.68000000000006,4,2073,248,2321
b127efdabeffb5d559349c7b172eb75d,421.27,10,2074,242,2316
d9d43faf741ceaa8da52fdbb81d9e0e3,421.25,6,2075,246,2321
9c3c24eca51c52b91c1de727d2a2ae06,421.15999999999997,6,2076,246,2322
63191ead8d3b2f937cd1996fdcbbad20,420.29,1,2077,251,2328
b88e7c57cb2d8b973b7dd4a2bfa14b36,419.67,4,2078,248,2326
1b45169b635ef59425637e9a33eb5fb3,419.35,7,2079,245,2324
3afc536624bc2e65bddfb5db33cc01f3,419.07,6,2080,246,2326
ad75519a07f039025e83795a4418470f,417.9200000000001,3,2081,249,2330
508808d438fe2ff972ed13bb8f4a82e2,417.46999999999997,10,2082,242,2324
03bd479e1d9484cdb14104d3023f7321,417.4200000000001,3,2083,249,2332
ceb7b4fb9401cd378de7886317ad1b47,416.45,1,2084,251,2335
b7ba853e9551f4558440881fd3e5c815,414.78999999999996,2,2085,250,2335
2f4b9d112bfa44a214bc6cef085d17c8,413.26,5,2086,247,2333
499ec63c58e51296c9cf57edcfe1c8a8,412.92999999999995,5,2087,247,2334
26b482dccfa29bd2e40703ba45523702,412.40999999999997,3,2088,249,2337
8936ba0de1073ee888cb3185ae5dc661,412.21000000000004,1,2089,251,2340
24c1de8d9551c0b4fbc53317d53efda8,412.12,1,2090,251,2341
a7ecf689b40a44361e259b28939023e4,410.91,1,2091,251,2342
f18112da765e0971ca5d510dec322bdd,410.75,2,2092,250,2342
76de363de16dacc923eec8daf91df504,410.41999999999996,2,2093,250,2343
3a3e46d10f74d8a6ca76e2b538f106a0,409.98,3,2094,249,2343
579891617139df7d8671d373f0669622,408.5,8,2095,244,2339
2e0dba2da448400b1c11d7b4b22f32a4,407.70000000000005,7,2096,245,2341
131fcb0a0c9a47bba4474aacff0f14b7,406.41,4,2097,248,2345
a435b009cd956ea60748b5cfbddf2e24,406.39,3,2098,249,2347
09883d9ab71c8fe8a9bfc7fc3075b07e,406.17,5,2099,247,2346
a806a4bb063ea7ca6d374eafa50a6058,405.27000000000004,5,2100,247,2347
152ee17e4c8aaf53dac99f3462e4999b,404.93,6,2101,246,2347
184725737946a1a938bbbd1a9e978103,403.57000000000005,3,2102,249,2351
ab9db4cf53b08b828b64dccaafc2d9f0,403.43,5,2103,247,2350
0743a0239d764b9a0f959a57d07e36ab,403.21999999999997,4,2104,248,2352
25debeafbce801fdd479539350185eee,402.85,6,2105,246,2351
333c4210e76a1aa2ab817b99437e3ff1,402.42999999999995,2,2106,250,2356
9d489893ff6af05029671b785f54b998,401.24,5,2107,247,2354
c113b8df1fc375bc3d73d29c1b1144d1,400.87,3,2108,249,2357
69a43819c758c65a5befb0b471c954d7,400.76,2,2109,250,2359
a3082f442524a1be452e3189e003b361,399.25,3,2110,249,2359
38af8acfd46ac4a7bf754e8ca6736664,397.94,5,2111,247,2358
173d56ffbd4c56cb80fc3615487d712b,397.61,2,2112,250,2362
a0e19590a0923cdd0614ea9427713ced,397.42,2,2113,250,2363
cf1313c6e2c01c2f4b014f97db4bcd2b,397.0,5,2114,247,2361
101921376b577a4540dc30e9009133ca,394.49,1,2115,251,2366
883dd81e82754ac2c65e9790a7db8c9a,394.46,5,2116,247,2363
da20530872245d6cd9d2f5725613c430,394.22,2,2117,250,2367
e88c9b79e592e370d6bd852eeefbf057,393.98,8,2118,244,2362
5c603ffb38cbbf25a0e0698941324143,393.61,2,2119,250,2369
918717417d88a9f9ae9735567e6c7682,389.22,4,2120,248,2368
b8a0adc91af209270c2c725168eb00fd,388.49,6,2121,246,2367
52bb00821bcdd358a5a5a27e1f6be5a1,388.43,2,2122,250,2372
df47da4ae86fa4db890d05aaf24e21d8,387.68,5,2123,247,2370
249f0e9905a6e06ad6c6bea7547ab9f6,386.99,3,2124,249,2373
a9415cf907dfa12f9ed18693244f5329,385.41999999999996,1,2125,251,2376
48bad451945f5227341793478d6353ea,384.49,3,2126,249,2375
65a7c0788e4d632ccb5e1b594b87f0bb,384.12,3,2127,249,2376
6da1992f915d77be95d7fa48b36904af,383.66,7,2128,245,2373
b9ec22de23f18567de0e09d776ca0309,382.47,2,2129,250,2379
ea4e9ce63a2134743b4a92777437fcdd,382.3,3,2130,249,2379
d7b2377bae6ace1b11fc69a11900ac36,381.56,4,2131,248,2379
2a73cba571d90c694b7caca072ccf6ce,381.47999999999996,1,2132,251,2383
a2e85714b56b1cb6bb24a9a6e6cad36f,380.44000000000005,2,2133,250,2383
7dea6f73af847b42cc3985bd620f994d,380.17,2,2134,250,2384
5f0057b677eb963672bf05dfa3f16c34,379.89,5,2135,247,2382
aded58c8142dedc5494a81f948431fab,379.48,4,2136,248,2384
86bf77bdb52e615674772d5817c6212f,379.38,4,2137,248,2385
51f108f62cb87d61918159902c8f8583,378.75999999999993,3,2138,249,2387
2d22fc3089eb907b29ebff50581fb472,377.39,3,2139,249,2388
8fd3b4468f6425810648177996c14cbd,376.57,1,2140,251,2391
debe6615cd90cc0c2eac2b8988e1f628,374.03,5,2141,247,2388
9b00cad94ef3078faf6fba2e792c158f,373.82,1,2142,251,2393
e83e93b71371817b11d78a63ff156aee,373.38,2,2143,250,2393
a7a9b880c49781da66651ccf4ba9ac38,373.07000000000005,3,2144,249,2393
ea1776927851da2532aa70d6a32c095a,372.32,3,2145,249,2394
c76d418370990614e89e956c7a7567d9,369.77,2,2146,250,2396
9cf787a239c1aa29dbd76f153dc13f9a,368.4,4,2147,248,2395
6d1b9c9579132c87d2703ec38c30f2c5,367.39,4,2148,248,2396
0cab2da43793a6f3c5ed8514c5f54627,366.90000000000003,3,2149,249,2398
12c2ed9cded6138cf0c75f525f565fc7,366.01,4,2150,248,2398
8c9348f33ae3dada25c99c99ade2af78,364.93,2,2151,250,2401
7957cac1a02f45d0a4a7e45626382ec2,364.64,1,2152,251,2403
5ca5d579b5857ee8709479b1047cecc3,363.88,2,2153,250,2403
2b402d5dc42554061f8ea98d1916f148,363.78999999999996,1,2154,251,2405
4b98b0428fc1932cc2514ef9ce2505e6,363.42999999999995,2,2155,250,2405
f8d5c7085db9a4ad2b8c1ffbeb2798c8,363.40999999999997,6,2156,246,2402
2b3b9ce054da76a7428df143a567b156,363.28,5,2157,247,2404
dbbcfe2c8d026742134ac3e28ccde274,362.9699999999999,4,2158,248,2406
2c538755f1ca9540af144f266e70df6c,359.91,1,2159,251,2410
dcf3755cefcdc158ad0b7bdde51e871b,359.03000000000003,3,2160,249,2409
c3fe93ba3085f92855c97e57f38c8c05,358.96999999999997,7,2161,245,2406
ec8463980a4e0ea9f8517aea1ed0c419,357.9599999999999,2,2162,250,2412
ea3ebea5317b0efbc663ecc8ce5e9bc2,357.35,3,2163,249,2412
7fe21dd00d2f4943ae09525efa2fd674,356.96,4,2164,248,2412
6f1a1263039c76e68f40a8e536b1da6a,356.84,4,2165,248,2413
1703bc09972dab9782e7a9194943b69f,356.11,1,2166,251,2417
bbe87dce25ba8b38bb61cc7210a3f10b,355.39,2,2167,250,2417
b76a1f8356322f12529c37b67d5c96c2,354.89000000000004,5,2168,247,2415
a81466620e46a6970b22ef40379fdfc9,354.78,2,2169,250,2419
adbe70ab2c97442046d393988c8d1d27,354.65,5,2170,247,2417
d149de2f383552baea37a7198c2296ce,354.37,3,2171,249,2420
76d336555bb25f3165d2f0d6da719c40,353.63,2,2172,250,2422
4dc646b9b9e8e411ef48ba000ea3ac6f,353.26,4,2173,248,2421
ba89796db68db180bd389de96b2ff3b6,353.26,2,2173,250,2423
7f35f9daf223da737b78738fbae4d977,353.01000000000005,5,2174,247,2421
0ec28cec4046a4a199b6de9b4c891d97,352.64,3,2175,249,2424
77714512e8d4dda9c234da8e3faf16e4,348.98,4,2176,248,2424
46ef1a25845fc051c2998d878354810c,348.45000000000005,5,2177,247,2424
4e0d109ccfba9a1151c103049880c857,347.73,2,2178,250,2428
5236605f4d4b0b3e4df85b850393fca0,347.48,5,2179,247,2426
eb9267cccc90f1b49c8d2f9887c7dd97,346.27,1,2180,251,2431
71593c7413973a1e160057b80d4958f6,345.34999999999997,2,2181,250,2431
3606774ec64634822d78dc2db6d37045,345.20000000000005,2,2182,250,2432
2d9e8987a2ea5cf88dce330249043ff1,344.17,2,2183,250,2433
e628d4a53c109f09ca88098338b3a3f5,343.9,1,2184,251,2435
c990d6cf976a5718aaedc539f383ab88,341.99,10,2185,242,2427
90b36c5aeb728d5504a39f435bef0c5f,340.23,5,2186,247,2433
d36b07fd3c5088e477a72d1fccfe29d4,339.85999999999996,1,2187,251,2438
94c49f20a123aeb9360dbf80ff912bf6,339.2900000000001,3,2188,249,2437
19a7c9f66ffa6452ff4b4c0cca71da27,338.74,1,2189,251,2440
e94b64dc6979b302a5a5be1662c83bb6,338.63,2,2190,250,2440
33d677f27a69b84051204ee4ae76eaca,338.49,9,2191,243,2434
e819bcfade7b5d88a27325eb6cfd62c5,338.25,5,2192,247,2439
c5ebe6598748b0aeaa61cfb820478b92,337.17,3,2193,249,2442
c70a353f02429c00775a46a75fb787da,336.94000000000005,6,2194,246,2440
4f40d2ed38d1cc945364a7cd202a82c7,336.89,1,2195,251,2446
c0f783394e37cd9c9d7f5f81141450fa,336.75,6,2196,246,2442
e83c76265fc54bf41eac728805e4da77,336.49,8,2197,244,2441
3b18f9856c6eb2413eafedb58e9eecd9,335.09,1,2198,251,2449
3dc69bf2c42f0568a5c4791ec3fd3745,334.43,2,2199,250,2449
baa49d93c8c8841e27400a300f5d74b2,334.42,6,2200,246,2446
20611af7866c6068fd5ae1f9dbe15c92,334.3,2,2201,250,2451
21d59342ba150175ca2aa4f8faddeca6,334.29,2,2202,250,2452
94b9108d4b637ba65bb4f1e53cfcf8d8,334.09,7,2203,245,2448
28405831a29823802aa22c084cfd0649,333.17999999999995,7,2204,245,2449
c611f4ce9ce875bcc063fa97fd4d7d12,332.25,1,2205,251,2456
32f1bb9dfa65bc7df5c0d9d95a616be4,332.16999999999996,5,2206,247,2453
83c465a786b06574376909b35ef6752a,330.46000000000004,3,2207,249,2456
14f2b3587172b9db894c9bad8dab520b,330.06,2,2208,250,2458
661ad5fcc28cdfb8bcadb12bb2272475,329.71,4,2209,248,2457
5733d806668f8712c24b9abaefbfa642,329.68,2,2210,250,2460
bc39d8938f90a3a2b98193723ed59774,329.11,2,2211,250,2461
58e4b302b54937e55a678c4d15111da4,328.85,3,2212,249,2461
bdb3edbaee43a761e2d4f258dc08f348,328.36,5,2213,247,2460
48b6c3f4c6a93171da04b75313f2130f,328.05999999999995,2,2214,250,2464
5dc4bdaf869e8c77c648078cbe8d59c2,327.49,1,2215,251,2466
4d6fb82c629c7a5028bfd973c07b05e0,327.43,2,2216,250,2466
0761743cbffb25d7148189e9f1a5f03a,327.4,3,2217,249,2466
e46bc031f2c5bae4ccb40bb90712e9b4,327.39,1,2218,251,2469
ede2977fbaf3738583170735ca403f6c,327.25,1,2219,251,2470
f410c8873029fcc3809b9df6d0b28914,327.1,2,2220,250,2470
10264f60a8f0a4d2f30810f5c661c673,326.46000000000004,4,2221,248,2469
5194c22ed1f616ec0c0f33c571542879,326.45000000000005,4,2222,248,2470
9b1ab052f5fca308ba743ac789ebb2e1,326.08000000000004,2,2223,250,2473
ebd1417732defaf66c50b5a800eb293e,325.33,1,2224,251,2475
2ee0a0689f2f6a72f35a7cb6033f6e7e,324.84,4,2225,248,2473
aa762680c40618316a896838866140ea,323.46,3,2226,249,2475
252e76235acb79183cfca6e34f13337d,321.77,3,2227,249,2476
800214c63934acd05d47e84214db8ba8,321.34,4,2228,248,2476
666658b8da8370f30e1f89893b1de5e6,321.34,1,2228,251,2479
6bb66d9870c2e01c05655c7ed0e7ee13,321.02,3,2229,249,2478
c9e5ad1f6647f5dbd1172adf6ae3cada,319.98,4,2230,248,2478
9539213aa8e023c01937bef95dc006da,319.04,9,2231,243,2474
f626e15b7314c267e4429010866f70e9,319.02,5,2232,247,2479
b76f4d90e85657a240495c876313adc5,318.3,1,2233,251,2484
422be4cc81a457fdb46f47edeb968ae5,317.37,1,2234,251,2485
6c6e3d67f969468f3bfd33f827a31222,316.41,5,2235,247,2482
53088c75f948b48a7ece173ac17f0c12,316.23,3,2236,249,2485
8dfbc5ff27df12f6cef751d3b9554222,316.12,4,2237,248,2485
485452467ff670447e84a8370c3fc898,315.43999999999994,3,2238,249,2487
04ee0ec01589969663ba5967c0e0bdc0,314.32,1,2239,251,2490
31be790e64fc99f8ff48ec2bd18a3104,313.67999999999995,6,2240,246,2486
87d73636a3acf123e842bb890a4db036,313.60999999999996,1,2241,251,2492
f00f5b35d0abcacbdd863672f4bb2c1a,313.43,1,2242,251,2493
5721089ba9214e80074f27d5a03fc0eb,312.56999999999994,5,2243,247,2490
b2bdc5e7940a7d7ca8c4a37953b27a42,312.49,1,2244,251,2495
a9ae440659f48b7849df83e82734150b,312.02,1,2245,251,2496
94ca168e8bcb407ab85c5da308863027,311.65999999999997,5,2246,247,2493
72146da5774cabf2632faedcae097a76,311.42999999999995,4,2247,248,2495
08ad4ac1388e4420ca531c3edfc46198,310.66999999999996,6,2248,246,2494
d594982fd877af63ace38ea1fca27c76,309.70000000000005,7,2249,245,2494
13d95f0f6f73943d4ceffad0fc2cd32c,309.32,1,2250,251,2501
446cc09cdbb130904da114e807dbec40,306.97,3,2251,249,2500
3c88ed2e76a2247933a15daa7161eb1c,306.2,1,2252,251,2503
d2572f31e9023e9850ef986a636ff9bf,305.69,1,2253,251,2504
85044848b1b767db2a4a58526adef4b4,305.51,4,2254,248,2502
9c54608f0996c32ae4743089d915f845,304.72,3,2255,249,2504
aadfe0417e61315688b6bd7043361e25,304.17999999999995,1,2256,251,2507
f682e0f848abafc6f41e0d4e868c66ef,304.0,2,2257,250,2507
fb8904a8ea99f8831b64ce27db2c1765,302.36,2,2258,250,2508
ebef8d8c92b4fd3226e5d407bbff21ac,302.06000000000006,3,2259,249,2508
353e21e8bf8de2722b4fae1636664b76,299.89,4,2260,248,2508
4be2e7f96b4fd749d52dff41f80e39dd,299.84000000000003,1,2261,251,2512
92c8bc6e8f925792247656fed09aad65,299.57000000000005,3,2262,249,2511
f419677537694f0462a91990df6ca44f,299.28,6,2263,246,2509
f9bbdd976532d50b7816d285a22bd01e,298.37,2,2264,250,2514
d1e2fe627180431ffda076abb303c56f,298.05,1,2265,251,2516
ec21206b7894c503788a684a7bc822a6,296.40999999999997,3,2266,249,2515
9a208dee8f95cfdf00760c4d627828ec,295.98999999999995,1,2267,251,2518
534a01cc6df1e034e05c32028a291fa2,295.45,5,2268,247,2515
1e483cc5c76fef08d3ca05f9a8af7d01,295.07,10,2269,242,2511
85ecf03781da592876b7844acc1b729f,294.9,2,2270,250,2520
88ef59b51bdaa941d10a853429f2b6ce,294.7,2,2271,250,2521
0e44d110fa6a54e121cb2c095a77762f,293.38,6,2272,246,2518
58c851d1a3c7cd3da329eb59453fed44,293.26,2,2273,250,2523
1e26c56af8d48424e1df0140a2401f83,292.39,2,2274,250,2524
880eda903e719a5f179f7e9fceb3a69d,291.72,1,2275,251,2526
1e47defeeadeca0e9a18fa5a9311e735,291.62,3,2276,249,2525
8060d731897e33b5c5ae575ce1e209e1,290.95,5,2277,247,2524
42b6488f5b8246d9141712abd4b1b693,289.8,2,2278,250,2528
bab0a8cd684e41ba6e2637dca0979d3b,289.03999999999996,1,2279,251,2530
8ccf3cf69651cc1d8a02c8bfaf3b8568,288.63,2,2280,250,2530
88ae906ea2acf6971f26c3e8b7cb4357,288.01,3,2281,249,2530
10cdd491d1dbea8fb4ead97b19c334ce,287.76,3,2282,249,2531
6548c2550b6e2d8f18053216e1c7b6f3,287.55,3,2283,249,2532
e88f7a2995ba184710d339c5c4bf2e30,287.51,2,2284,250,2534
57fe6232e67823593374a2281d7a8af8,284.03999999999996,8,2285,244,2529
ec5c1d94df153d473b37f880977ae58e,283.74,2,2286,250,2536
483ca627d131e18f988349b1655c0acd,283.73,1,2287,251,2538
ae45ad30c2d2e5913094769690a239d2,283.06,1,2288,251,2539
50bf89f1349bc0409a268c3a49678009,282.47,1,2289,251,2540
b57e8460909fa137df7951b4a3b5ea84,282.14,1,2290,251,2541
2d2322d842118867781fc737e96d59a1,281.37,8,2291,244,2535
984c273121e743dd14767befe6cb17f5,280.91,1,2292,251,2543
4ea2f12dbe91deeacd2c1e74f069a6e6,280.27,4,2293,248,2541
23ca5f678e0b3ea6c630b30fa8bf51ea,279.39,6,2294,246,2540
5e25c632f9db6cfb8bc100421c2737b6,278.91,1,2295,251,2546
e45edf75f568ed2f93f78d060e246e25,278.21999999999997,6,2296,246,2542
5d505d2298ad549e4e4e835562fa0c1e,278.14,2,2297,250,2547
954e95f20808d7e5d11f0de292d078e0,277.96,3,2298,249,2547
70f7e8018e3d46c748c92f026aa2585a,277.68,1,2299,251,2550
3fadb4cba4c35bce6a7eaf9872d5623a,277.52,3,2300,249,2549
75745ef7bc7d4f3ea3380f6f5303f514,277.32,3,2301,249,2550
0af977692321d895349eded183341d28,277.22,2,2302,250,2552
3d49bfdd1b43a7fe169b3740067acc61,276.82,3,2303,249,2552
d6cd01c59123df02fc226eadbadb5f89,276.11,2,2304,250,2554
ad8b531ae67582f096925cff5630d0d1,275.90999999999997,3,2305,249,2554
05e107217c7266362fd44b75b2cd4cc4,275.39,5,2306,247,2553
5e9f5bd34e0830569f05c9d4f56e04a8,274.86,2,2307,250,2557
37ceb404da208418c9032f0674e57804,274.11,1,2308,251,2559
e64882b4ef12aee8d0faca4db5b681f4,273.22,1,2309,251,2560
929f342384a6607afe143d789ade1316,272.76,4,2310,248,2558
c0aff2da32c17759d30b22fb0af6649d,272.33000000000004,4,2311,248,2559
d9cb0052a666de5308b32f32ad5f1b1c,270.49,3,2312,249,2561
578460d8319c51dab351cd9db95eadfe,270.45,1,2313,251,2564
28c7d8743fbc8679f484868cc0fcaefb,270.36,3,2314,249,2563
4c1c7281388a33dd06daac44f9fadbd1,269.90999999999997,5,2315,247,2562
e5d4b2b0c3bca22085f7a19a28de0c42,269.55999999999995,4,2316,248,2564
001e6ad469a905060d959994f1b41e4f,267.94,1,2317,251,2568
4e2627090e6e5b9fabba883a37897683,267.62,2,2318,250,2568
1c56ffe0e9dea2657fc6e95b53f40b13,267.39,3,2319,249,2568
4b90495391ac0bd181a80a459df1e718,266.11,1,2320,251,2571
33ab10be054370c254ddfcf0a6253422,265.53,4,2321,248,2569
cb32766839f443db85c82a43c4a6c19e,265.51,2,2322,250,2572
f8e2c1b59cd4225a3e4fd0d013a76b93,264.43,2,2323,250,2573
2a50b7ee5aebecc6fd0ff9784a4747d6,264.24,1,2324,251,2575
f3975e8a41157005d4bcbb358678cd9b,262.78,2,2325,250,2575
efb628aa07c8ca93d7db0d85b91a4f5a,262.1,1,2326,251,2577
fec6912baad85d41729669edd6b4d3b8,261.97,1,2327,251,2578
615c3462099ffa940d37b17dfda19594,261.05,2,2328,250,2578
762fafdaa57a532ee0119731697579dd,260.87,5,2329,247,2576
4ce8b55b4bfa4659184e7becc1fba3f2,258.87,2,2330,250,2580
3dfd3dc96f7f8598eca74e9ac8a2fa31,258.7,6,2331,246,2577
8a8835a43bda99fd37310ad76c457510,258.54,2,2332,250,2582
902c99f1ac505c0d18778b61bcd636f7,258.12,4,2333,248,2581
81ed90f07c0bacb7594940ba2ef676aa,257.46,2,2334,250,2584
7f5e4d5efad7e44b91115dd1decb65f3,257.32,3,2335,249,2584
5a9c0859cb00fd8aa4db443837f0a700,255.59000000000003,2,2336,250,2586
e0a3c37054ade6478d923a6efc10f308,254.98000000000002,2,2337,250,2587
269c5fc9fcadee614364c3620c30a1f9,254.71999999999997,3,2338,249,2587
d1a5cc844736958c11b8efab9a2b4c87,254.01,1,2339,251,2590
3bfad056cf05c00dabe2f895925d83b1,253.35000000000002,1,2340,251,2591
8d92f3ea807b89465643c219455e7369,252.77000000000004,3,2341,249,2590
1746c1ae87ac63d530c7c943d0ac42e2,252.35,1,2342,251,2593
4ce6e5f6c52515177e18c1c9361d8677,252.26999999999998,1,2343,251,2594
3f84fefc07dc159b268d4a77d3e8c425,251.92000000000002,3,2344,249,2593
740205fedfe4e90ca6857bc77db0f2b4,251.83,1,2345,251,2596
b05b432bf68945d4d9783f9e3ca29ee8,250.89,2,2346,250,2596
e59e575a175fadcadf8479e191770425,250.88,1,2347,251,2598
fe8055980a4ff7f64ed889c2b5926929,249.98000000000002,3,2348,249,2597
72431a818f97fe6ab9c81eee3e297e54,249.39000000000001,1,2349,251,2600
a663d9c3797e90eac99ff60939416a56,249.08,1,2350,251,2601
bec568278124768c474ee90971ca94d1,249.06,2,2351,250,2601
74c7dec0a384d8a05950e629bd23bde9,248.88,5,2352,247,2599
a0a14e50070f3225b3eabba5b85da517,248.64,4,2353,248,2601
7d484ca289afaac6bf5fc6a1e96d2226,248.42000000000002,2,2354,250,2604
50770d25768b0486d89be26afca3108f,247.86,6,2355,246,2601
809413606dbfe5deefd2db646693ef67,247.05,3,2356,249,2605
643c01d7c56a724bec0454f4780e8a3e,246.65,2,2357,250,2607
3442f8959a84dea7ee197c632cb2df15,246.60000000000002,3,2358,249,2607
538caafddff204241cecbf3a02e6b3cf,246.48999999999998,9,2359,243,2602
bcc9dd23e2a8bd8267cf92b19304a1b9,246.22000000000003,3,2360,249,2609
edf3fabebcc20f7463cc9c53da932ea8,244.02,1,2361,251,2612
bff9deb0ec77d437f3305a79cf25529e,242.74,5,2362,247,2609
778323240ce2830d68aab11794e00bfb,242.43000000000004,3,2363,249,2612
63b9ae557efed31d1f7687917d248a8d,242.30999999999997,5,2364,247,2611
2075d8cd4dd63ff12df0749a5866bb06,242.23000000000002,3,2365,249,2614
b01c2b7b8599b325103ebcddc67413e1,242.12,4,2366,248,2614
7e3dde9ffba72d5340f9aaf09b4424be,242.03,1,2367,251,2618
90b57083da5d803237da74daec6dcb2b,241.20999999999998,2,2368,250,2618
a218df5c097b0ca409cfaac1488cc7f6,240.7,4,2369,248,2617
eec3469d83e142f9a104886655338c37,240.44000000000003,4,2370,248,2618
034b9387752bfa309f350a70cd45ffa3,240.26000000000002,8,2371,244,2615
762ed976527cddf02787edba70fffa2a,240.11999999999995,3,2372,249,2621
0f7eea709efdf942b5f95c7516dbacd7,240.06,3,2373,249,2622
586a871d4f1221763fddb6ceefdeb95e,239.48,1,2374,251,2625
31e60bf8d103ce47932a85f5562deb16,239.04,1,2375,251,2626
7d948535954aaf8c5d39db007f74372e,237.8,4,2376,248,2624
b5f49fe968dff6b112861e6cd8e192ef,237.67000000000002,1,2377,251,2628
7ad41305e96a6cab8294cd65891e9a86,237.6,2,2378,250,2628
1de62b6f2fd96227629786db492433db,237.53,2,2379,250,2629
f9eda05b67bef472deaddbba84aca289,236.79,1,2380,251,2631
751e274377499a8503fd6243ad9c56f6,235.84,1,2381,251,2632
6e2d3e2dc84fb30f6078f39dd3bddd6f,235.28,1,2382,251,2633
89d9a386b0b6e5fc8403071b03f7206a,235.25,2,2383,250,2633
3d700782d7818f2c1e0d7a9e9d75fc00,235.11,3,2384,249,2633
9da15f4a4ea758d9eeb49000dbe57e22,234.61,1,2385,251,2636
e0482f2c769468c3bbcd8a01e09d98c5,234.4,1,2386,251,2637
3d290fe363c60a77498c1126fd3fb8d3,234.04,3,2387,249,2636
a4b8d97cd5d3674eeff96abc99d8ed67,233.38000000000002,1,2388,251,2639
dd8a29ce82d5c705ba932d81494600a5,233.25,2,2389,250,2639
4f0d637c1197fd65405ebd755ac9f86b,232.47,2,2390,250,2640
ccada0ef508e698917a6eab263375905,231.96,3,2391,249,2640
e503f22be6a4f456d9851920a5d9c670,231.34,2,2392,250,2642
478bfe564db21eeb44386606aa30b650,230.8,3,2393,249,2642
cd52a8efd71af3336b14b5039b951cc1,230.54,3,2394,249,2643
fc6295add6f51a0936407ead70c1001d,230.51999999999998,1,2395,251,2646
d8dd176509baa37f359644d082bf7f7b,229.9,2,2396,250,2646
8def3db7f272735afb2ecd03aeca09a7,229.64,2,2397,250,2647
6f835fd4be26989b1b064399da346143,229.25,2,2398,250,2648
2cb4700db635baa1c0d4f90ed27b6669,228.72000000000003,2,2399,250,2649
3fe7120d6257285ac6a3ce7cb071ccec,228.26,2,2400,250,2650
2ea0861cc19e94cad86438c984c52da4,228.05,6,2401,246,2647
23ff42c4bf1f8f16cddb19d8b972974a,227.67000000000002,2,2402,250,2652
f35becee938e982bd615edf8ef12bcfb,226.81,6,2403,246,2649
1d1bbb8ac1581824986f582583fff01d,226.47000000000003,4,2404,248,2652
f356c348fbc8df6a882823e21f5ce8b7,225.65,2,2405,250,2655
939f6e231201f26803cb5c3a3d2940b3,225.62,3,2406,249,2655
f92d8c817434bd2d84d4e9c61322b7fa,225.61,5,2407,247,2654
1cbdc7cf130a41fd13a3c2a7d2fcfda7,225.61,2,2407,250,2657
3fefda3299e6dfaea3466ef346a3571a,225.21,1,2408,251,2659
c747d5b92c7648417faea95d36d763e8,224.75,1,2409,251,2660
8ca5b19e0263150d2c57afdde2b3d011,224.68,3,2410,249,2659
651530bf5c607240ccdd89a30c9c9712,224.45000000000002,1,2411,251,2662
377bc18334c78dd2f1535ef22a3ad225,224.44,1,2412,251,2663
c32fc744b9160ac853450488e3cfea93,223.52,3,2413,249,2662
f5403d3f50089112c4eed37928b7f622,223.2,2,2414,250,2664
c5e60e39c0f42b8e827daa13cff74afa,223.10000000000002,6,2415,246,2661
9e7c5f4d7770eab65738cca38f9efccf,222.88,2,2416,250,2666
4d9fea3499bdc22aa4da4e339365f215,222.74,2,2417,250,2667
747c1cdcd1737dcfbd1547f6eb6f2cf3,222.37,2,2418,250,2668
52f6f9f13ba19504c02781132a049e75,222.13,1,2419,251,2670
e9874ae10b2d60d43917b6bbfa13a599,222.1,1,2420,251,2671
b7e1750c1157341d2abd0251e07c186b,220.56,3,2421,249,2670
717b78b0950b51ed00b1471d858b0edc,219.75,5,2422,247,2669
19e0f40a907ec568c34bfac15de4f4a1,219.62,4,2423,248,2671
5db42a6cd9bf1bf0d3aab9582767f168,219.32999999999998,1,2424,251,2675
dda37071807e404c5bb2a1590c66326f,219.27,1,2425,251,2676
3289d8c3eef4873f91ce0b1343c0dd58,219.27,1,2425,251,2676
9cea4682e16655f7da87f406902e989e,219.22999999999996,4,2426,248,2674
f26d70155c2b6326fcfa1780c8c684e4,219.06,1,2427,251,2678
c360e4787614ed31ac7a2f95d3b22dc6,218.95000000000002,1,2428,251,2679
ca7c6bd577e559472af1c699de9e764e,218.82,6,2429,246,2675
a3b0df0065e264a91b7bbf5f844af5cd,218.75,2,2430,250,2680
99a25c39b28a74d1151c35c18d178292,218.69999999999996,1,2431,251,2682
dbc51f5e45d654ecc16cb68e6817ecea,218.13,1,2432,251,2683
3a79f35a2344ede41af21267f61d5ec6,217.71,1,2433,251,2684
e1bed63d68ac36fe1f3061befe196af5,217.0,1,2434,251,2685
213fafb0ca06fb3d5886579c2565791b,216.86,3,2435,249,2684
818d28f936e791926d33bcb6ee94ef79,216.70000000000002,5,2436,247,2683
f307937c1bb287c3efc2a514b94b0d1d,216.60000000000002,1,2437,251,2688
63272377184e969942f7fff221be858d,216.23,2,2438,250,2688
61f159ef6da2d441951d2c0efa719362,215.98,3,2439,249,2688
bdf0d02d36a1d839d0c39c4a887cdd49,215.95000000000002,5,2440,247,2687
039b29ff3b3473435d0cd59040575de9,215.55,9,2441,243,2684
bd4ff04377f974574f7f0bf9d6ce7dde,215.10000000000002,4,2442,248,2690
c04d70d515d15a7e3db3a73320598566,214.82,3,2443,249,2692
4450bd8327d471c4a11a83d1445b1b62,214.56,1,2444,251,2695
5659d77e8d90378e39b960ad5956f64e,213.13,2,2445,250,2695
78ba5933c21686d1c2f64669c8c459e7,212.57000000000002,2,2446,250,2696
c353f8fc0ce8344999f17d578eb69a5e,212.57,2,2447,250,2697
19484c79cef6c062cb177aa4ef2fcc3c,212.06,1,2448,251,2699
98dddbc4601dd4443ca174359b237166,211.67,2,2449,250,2699
fedf2c1386e137f296b3bbf3b635e69d,210.9,2,2450,250,2700
4a82c4af97ffc0fb2dc26bfdc03b1842,210.89999999999998,3,2451,249,2700
b906dd0e57f282c7089171b6ed07982e,210.75,2,2452,250,2702
45c20d94d9171b0bcfab3c955e47d67b,210.57,4,2453,248,2701
8e34331b7eedd03be4e5d965c1956225,210.44,5,2454,247,2701
22c32ec35d0116ef02c281798a25bf8b,210.01,4,2455,248,2703
6ba4733aa33f6386e9fb0c0fd3993b38,209.88,3,2456,249,2705
4bcec44888b30ba9001234c534716d3f,209.23000000000002,5,2457,247,2704
7d7866a99a8656a42c7ff6352a433410,207.38,5,2458,247,2705
b00af24704019bd2e1b335e70ad11f7c,207.25,1,2459,251,2710
119c7f1a00ef43fad0e57604e76a747c,206.82000000000002,2,2460,250,2710
0b64bcdb0784abc139af04077d49a20e,205.81,4,2461,248,2709
0692610d8abe24f287e9fae90ea0bbee,205.71999999999997,4,2462,248,2710
d9c349beabc06aa6ff1c6d68b5e9e22e,205.64999999999998,1,2463,251,2714
43a1d4bab73b816e44ef4e4facd9f9b5,205.4,1,2464,251,2715
bd0a1b0aadca9a83d9304f7e8ff5fbd5,205.19,4,2465,248,2713
7adbd3210a7b3cc2235e225eef33574d,204.86,3,2466,249,2715
7cf4ea70955b00d6b3c22542598e2715,204.81,1,2467,251,2718
2235cf78d3e2073a88146a9cb60f0dd0,204.76000000000002,1,2468,251,2719
964ff64dc05b13811c6d0f41e0aa5f6b,204.06,1,2469,251,2720
698f5fa55a5f73d0740e9d9a773e8093,203.99,4,2470,248,2718
5a9b3bcab695173c820e53934574ae80,203.76999999999998,1,2471,251,2722
87f3e35268860433e13d577825aada95,203.48000000000002,3,2472,249,2721
aae5953b9edddf14749c0d65d60eb4b9,202.90000000000003,2,2473,250,2723
686886775c8f6b1191c7b953fb52708c,202.62,1,2474,251,2725
bb3dca718920a4d7ec3cc9ffb025108b,201.7,2,2475,250,2725
d3e7d37c0df9aef383f3f2a15b0dddfb,201.34,1,2476,251,2727
0ade5cc4a305ed7093a23f68ca47519c,201.26999999999998,2,2477,250,2727
a4e634166243bbb3a13fa584463fa468,201.18,2,2478,250,2728
5def4c3732941a971cba8fdee992ede1,201.04,5,2479,247,2726
78813699ffac347fe27dba345a5f1551,200.54,1,2480,251,2731
51a04a8a6bdcb23deccc82b0b80742cf,199.92000000000002,1,2481,251,2732
4dc2e811a1760953cb7c6a590b498943,199.84,1,2482,251,2733
c7c7b2682c648339a0e9846bb1023a39,199.68,2,2483,250,2733
88cd3681e0a2ba85e190f7d817629c4c,199.36,1,2484,251,2735
e1643dff33666ca629e3644c02738179,199.31,3,2485,249,2734
9dd459b29a14bf89d47183cf2cd0e4c7,198.82000000000002,2,2486,250,2736
b9de031b671cd48b28fae9d828cbf2b4,198.69,1,2487,251,2738
880ce4951cf857ab1d9e0b75c1d856f4,197.72,1,2488,251,2739
57df9869a600bd6b7c405f2a862eccfb,197.20999999999998,5,2489,247,2736
52a50b42accf164f9f019941e5759d9b,197.02,4,2490,248,2738
d2df77822373f19934e87694d8640767,196.4,2,2491,250,2741
94165aea8a35c3c21499cbcae239b16c,196.11,1,2492,251,2743
15ac3c501e2599e4917316fde5c5669a,195.81,1,2493,251,2744
9c57bc60cfad5ee62d35d3f1ce4593a1,195.43,1,2494,251,2745
fa5fdc4e4bb6bd1009ad0e4ac4096562,194.85000000000002,1,2495,251,2746
6a53b90c3ad9e0b56d9fe5c69165fff5,194.77999999999997,2,2496,250,2746
56f413900b5166ab4d730e9ac0b12cb0,194.24,3,2497,249,2746
7c9130f5f3729edd32aa059141d92484,193.14999999999998,3,2498,249,2747
3ea08c48e851106d2f584349daba335f,192.94,1,2499,251,2750
533d46c1b06970e99f09523a61df4972,192.62,2,2500,250,2750
4bde6149c15cf7e177b36fa060dd6de8,192.46,2,2501,250,2751
ea846a0e7ad98a741783e886d89dfa44,192.26,2,2502,250,2752
0e72c1a751b496722a6cb1f10653b62a,192.10000000000002,3,2503,249,2752
2a7c6c0b0d5efde2bf75ec1e1cec2d41,192.04,3,2504,249,2753
657969cca82e884d272385ec0ef06edd,191.56,3,2505,249,2754
6902157ee16728322d61a1321fa79e58,191.43,2,2506,250,2756
044668ccd5316b12a7cf0d54a156e3e9,191.35,3,2507,249,2756
ec2e006556300a79a5a91e4876ab3a56,191.24,4,2508,248,2756
a9b533a26e898b12e8b8d4c07279bf4d,191.06,4,2509,248,2757
dd9661d3cda1e6feb237f0c4d8b26f2e,190.98,1,2510,251,2761
fc5a0d7a310a7a41abf86a458585ff2b,190.16,2,2511,250,2761
a154d7316f158bb42e6fa18bbe3afd3a,190.13,2,2512,250,2762
26e13b6ff5b641b329e5524241ee2c93,189.68,4,2513,248,2761
8fbe2ee446b97e128471be4ce983dc0d,188.5,3,2514,249,2763
05ca864204d09595ae591b93ea9cf93d,188.42000000000002,1,2515,251,2766
4bc3d93e4a5f88a598d3d8ce4ae510b3,188.28,1,2516,251,2767
5566627eab3fe93fd6ee08798226101a,187.81,5,2517,247,2764
782f78b632a43875dd5b53e3e49c9564,187.57,2,2518,250,2768
98e164d549402270247f3c96a1a158ef,187.42,2,2519,250,2769
578fa3a9cb6b6dceab39231ad59cdaca,187.20000000000002,3,2520,249,2769
ef728fa1f17436c91ed1ccd03dcf9631,186.82,3,2521,249,2770
c8143b3069f6746a77421b5ce30a450c,185.88,1,2522,251,2773
83c8aafbefb034674a70de0eac5b8954,185.87,2,2523,250,2773
44ed138eca6214d572ce1d813fb0049b,185.8,2,2524,250,2774
7178e1eaa97257d8b6d4b80efd77a025,184.71,1,2525,251,2776
2ec6e37d992a95eaddb3369dcbcc76d9,183.94,2,2526,250,2776
5bc237df65098fe211bb4818f4d26d78,183.89,2,2527,250,2777
0daf5180aa44356f60f8effa533b55a2,183.63,2,2528,250,2778
ff82e8873fba613f2261a9acc896fd84,183.53,4,2529,248,2777
6e85dc5ecd97a61094b89b046a509d8e,182.59,1,2530,251,2781
695051e2981c8b19e77cafe450d5bdf3,182.45,1,2531,251,2782
8e4f041ff58e7845456d3482524014b3,182.39000000000001,2,2532,250,2782
8cb7c5ddf41f4d506eba76e9a4702a25,182.37,2,2533,250,2783
aa2640d851ec322526f1295bbeb20092,182.33999999999997,1,2534,251,2785
08061dc0fc165ed41288cc7acde738ee,182.22,4,2535,248,2783
e3e290b38963293022cdcd6db8328103,182.04,3,2536,249,2785
6601ee6383e7f452be71929f8de48bbb,181.94,2,2537,250,2787
99cd94252748d2bdde08e17858233602,181.32,2,2538,250,2788
f1ce5fdecd64935c28b9ff932751d0dc,180.53,2,2539,250,2789
ace601496e211a664100321f038f50af,179.92,1,2540,251,2791
5444b12c82f21c923f2639ebc722c1ea,179.46,1,2541,251,2792
913fd0ebba70bb919f7254a02239173c,179.12,1,2542,251,2793
1927cdb9fa74f5270097f6250e8e8f34,178.92000000000002,1,2543,251,2794
e09887ca8c7bf8a4621ce481820414ef,178.65999999999997,3,2544,249,2793
fc38b5dceee1a730fad8853453437fbd,178.01,5,2545,247,2792
f266295f49a28eee21f413e0cbb0521d,177.94,2,2546,250,2796
d26aa40b90272d4843d63be7c1462c8d,177.42000000000002,2,2547,250,2797
077c5fae4bea9500e3737b16f71b9d3a,177.24,4,2548,248,2796
96f7c797de9ca20efbe14545bed63eec,176.97,1,2549,251,2800
89757206b887aed36f3e18d858460fea,176.14,2,2550,250,2800
7a188843479798ca813108fa7b959286,175.85999999999999,1,2551,251,2802
553a440137d6e0cf776aee0bb83ac9f5,175.14,2,2552,250,2802
dde698c6d0bd24834c586e5111c2bba7,175.09,1,2553,251,2804
9bade61a92bed55a25d2b67b9f4ed739,174.8,2,2554,250,2804
fa8d335d68129e464e60c1826a683e96,174.68,1,2555,251,2806
e9c2dc0dd4ac38448289be644ac94f42,174.61,3,2556,249,2805
ce3ad9de960102d0677a81f5d0bb7b2d,174.21,1,2557,251,2808
2039c5e51785b5dde7cf93ccb3b7be2c,173.68,1,2558,251,2809
4dab98ca6cd6d3df586203cefd28a042,173.23000000000002,1,2559,251,2810
c26ba52cf8d2f34915f2f6b7ffa0a3f3,172.65,4,2560,248,2808
fc0b214b59a83615fea981c6424a02ae,172.04000000000002,1,2561,251,2812
fc908879b9ca1bd65419e54e50432d38,171.87999999999997,4,2562,248,2810
2f9b7ce230a057a98a9f5df5893ee36c,171.85000000000002,2,2563,250,2813
0b3f27369a4d8df98f7eb91077e438ac,171.39000000000001,2,2564,250,2814
37303482a42fb700d8d127e70a9cd6c8,171.38,2,2565,250,2815
3903c788ded8dc03b5ebab37a2f3e9a1,171.25,5,2566,247,2813
f049a72cf58fd31b11f8919cade515e7,170.99,3,2567,249,2816
44717f64ec2a457979cf83c429077666,170.91000000000003,2,2568,250,2818
3442033154be05bac582e173ef54fd12,169.39,1,2569,251,2820
4867209cb29b56b92893d7bde3ce8012,169.15,1,2570,251,2821
d8b8f2cf9ff6ba0389072541cb42498c,169.01,1,2571,251,2822
f3041c2e75ec683697a6a5ea82192210,169.0,1,2572,251,2823
2d34636518ba88f5349b732fcf8ba2e4,168.63,1,2573,251,2824
0b09101900100c0e9d312861fad5a1b9,168.36,1,2574,251,2825
9523fb39dd240aa958e040f8183d64f3,168.29000000000002,1,2575,251,2826
bca9230d3bbb4efa51872bf605a2f1ad,168.2,5,2576,247,2823
50a7e551a7b3f8d37cd6e32d8bfbe5ea,167.96,1,2577,251,2828
d3891911c2feae53c52fea2bd14054e5,166.99,2,2578,250,2828
1e47d8b6546eb3a77b1acddcc9406242,166.71,1,2579,251,2830
941554c5757b73ba0e50aa7732310afc,166.35,3,2580,249,2829
57a834594e1e9e9219603bfec184eadc,166.05,1,2581,251,2832
7c4adcc13272c0e26fa23aac642adb7b,165.63,2,2582,250,2832
c398bc00a606d33758afd91f4e64fd15,165.5,2,2583,250,2833
49f8d2ea7b718d0ce587d34207caf2b4,165.26,1,2584,251,2835
c7bb64409aa480bb7d0335faaaf3d242,165.16,4,2585,248,2833
dd39ad39b5d3df33037e141c72497ba6,164.85000000000002,2,2586,250,2836
9fe7c6641c79970ab48185498f547c09,164.71,1,2587,251,2838
4ddeb3e828550cddc8d45c8bc36ab2d1,164.45,1,2588,251,2839
fd312b6bf05efac6c3772d5b52205d8a,164.32,2,2589,250,2839
47f55702f598c7c6cc8458b0fbc1c49a,163.39999999999998,2,2590,250,2840
391bbd13b6452244774beff1824006ed,163.2,2,2591,250,2841
1b0b0f4f95e962d6f32fe90c759d0479,163.17000000000002,2,2592,250,2842
59bbc819b99a733f02f0d6b49d1c253d,162.75,2,2593,250,2843
19d62d484cba71963c93f0f00ab42013,162.59,1,2594,251,2845
3bb32fedaa74e4ad20f4ce067733bd31,162.56,2,2595,250,2845
8cf21434553b02cbd37c0bbd07e041b0,162.13,2,2596,250,2846
f664f98bfda2eaf266a23ff144e7a872,161.8,2,2597,250,2847
461ff5303b6c9c1a4a07f40c5aece516,161.43,3,2598,249,2847
398cb257329ef7af7f1943a8974a3cbc,161.37,1,2599,251,2850
8eb88b0acb3f90a717ad659221471fa7,160.67,2,2600,250,2850
a89e143d5211473ae18db9577ee34b64,159.68,2,2601,250,2851
e8ff5a6ceb895583033fc2a0f314e3c2,158.96999999999997,1,2602,251,2853
ab91571efab27993ff2f6b36e38055c3,158.93,3,2603,249,2852
36f98ad67cc981f50ce8aed093d5783c,158.62,2,2604,250,2854
3f8247d0f772ffa58560e5c682521ad5,158.45000000000002,1,2605,251,2856
1fbe10c70e30765ed1de86d9f7e98409,158.10999999999999,2,2606,250,2856
e82de6494d91d3c4c54450f59b227a94,157.7,3,2607,249,2856
741f8c587cb4248ebc5b779a0e8e0e51,157.64,5,2608,247,2855
be1e9e378700cecaa4ebf71433d7915c,157.51,2,2609,250,2859
e00d85ce20ea50c1224c66ca5050527d,157.3,1,2610,251,2861
4c4d546adf3c3868fe19c9ec6e9ffda9,157.08999999999997,2,2611,250,2861
062c325cd6a2b87845fab56b4ec2eeae,157.08,2,2612,250,2862
40ec8ab6cdafbcc4f544da38c67da39a,157.0,2,2613,250,2863
59de1d4c8c057c2a53acd4ca66531af2,156.75,1,2614,251,2865
712efd3b68f9686dc856b84abd0f21ae,156.16,1,2615,251,2866
9558aa23f77a9e0a0eca83540999f43b,155.57999999999998,2,2616,250,2866
4a5b36211b1f51bf7eaa5c10a57fa483,155.26,1,2617,251,2868
bf0045791395e66460eb04749c68672a,155.25,2,2618,250,2868
876182d1918783bbe15233febfbd4926,155.0,3,2619,249,2868
26e2e5033827d2ba53929f43e03d8ffe,154.78,1,2620,251,2871
96e5dc09087bad639b4ee193104ec2e5,154.44,2,2621,250,2871
aa1eb17b9fdf6dfd546e25c45c7b9235,154.26,3,2622,249,2871
e5bd51692380fd8cabb19b756b95e714,153.04,3,2623,249,2872
f114dca2828bf718548db175ebe2cfcd,152.99,1,2624,251,2875
519a7aa428f18d125a283cf8c014fdd6,152.79999999999998,3,2625,249,2874
934ed5cd1b9c1c7382d0a94a94b9e639,152.47,1,2626,251,2877
788f22bafdd7ab0e1e79f19db72f16a4,152.04000000000002,2,2627,250,2877
13dd308f81fea30cc670c656b2b46cc3,151.14,3,2628,249,2877
5f57db27027655e6c6a391601daa0258,151.04,1,2629,251,2880
910a922b426b7ff95eaee129ad6c0e1f,150.95999999999998,2,2630,250,2880
60ad151920c4f6f3ebbe8cfdf6166779,150.67000000000002,2,2631,250,2881
8c351ed7c326c62123318f4f3246e906,150.66,2,2632,250,2882
4c60877808f4318ef1107fbeb8f89afa,150.63,2,2633,250,2883
b416191c9813d821a295cfabafff4161,150.14,2,2634,250,2884
0f80a40c312b2472dca482cf50f5186f,150.0,1,2635,251,2886
d4a5e99e0dd915df64ba55a7fbd583fd,149.75,2,2636,250,2886
296729ffb9b684050dd24836dac4494a,149.61,2,2637,250,2887
739c7d7be81f63812dea0d1b1451c651,149.3,2,2638,250,2888
e88165a185134e13fdfc85d4fa654db8,149.22,2,2639,250,2889
d8bf0fc082fd4a77fc2e5679b6c00133,149.04000000000002,1,2640,251,2891
570d4583587a5fe2d47c7be89b91ad27,148.92000000000002,2,2641,250,2891
2fa13c8bd5705d279f7ed5cc9ec61c68,148.7,2,2642,250,2892
c87abc38c8ed3240861729e1aeadf221,148.68,1,2643,251,2894
db6a4d4b5f1f5f98820ce6ce2619e2de,148.15,1,2644,251,2895
693660429f9dc4ff704eb3d88dad54d7,148.12,2,2645,250,2895
52454f90d4c30c016768db02f88c1a74,147.67,3,2646,249,2895
7c4402417d51474d4d0cda9557340e40,147.59,1,2647,251,2898
2f3d8b4c9e2ee165075331fea3f3095a,147.35,1,2648,251,2899
a90a5da8b09e44264a177c0374a5ac87,147.3,3,2649,249,2898
2b5ed0c9139dae8883a200dfcb272ece,144.75,4,2650,248,2898
70126eecc6aa1274392a1743866e9678,144.74,3,2651,249,2900
e732329483fd5f27367dd997b47f598a,144.47,1,2652,251,2903
dc120d932ddf9d4dfb6fd68beefda622,144.44,1,2653,251,2904
c092292535a57dacd95a8765f5518f87,143.98,1,2654,251,2905
b6f52e346160519c24a23af05410ad32,143.25,1,2655,251,2906
e5c84227854980f1db19a58958c551d9,141.64000000000001,4,2656,248,2904
88af55b4a7ca402b27df16f7c7c9b5d2,141.52,1,2657,251,2908
e5def42655b7490edac5a56fe8e9e603,141.42000000000002,1,2658,251,2909
e9b6c33b71b67737693b4cfa68341c8d,141.39000000000001,1,2659,251,2910
c4b911d06343b21dd906651f8101cb49,141.33,2,2660,250,2910
160851d3ece7aa1a510f8d1a4bb8a8af,141.14999999999998,2,2661,250,2911
11d4c477d09821164bca4f70a2eae031,140.86,3,2662,249,2911
a69aa24cec11168e7e39a3fbc727e925,140.29000000000002,3,2663,249,2912
e3e15e2c0b9700561efac21c6be48066,139.74,3,2664,249,2913
bba8d0c234a52b87b3957037a215d1a4,139.53,1,2665,251,2916
003554e2dce176b5555353e4f3555ac8,139.38,1,2666,251,2917
cb5ff1b9715e99589f3e0c7a6afab9e3,139.03,4,2667,248,2915
d52cbce9845184537284a23c3bc3da0e,138.78,2,2668,250,2918
01266d4c46afa519678d16a8b683d325,137.48,3,2669,249,2918
f9a02f1922d1de564392e656d82b3fda,137.39000000000001,1,2670,251,2921
00d8b143d12632bad99c0ad66ad52825,137.1,1,2671,251,2922
a353b1083c9863d756d9404695016d64,137.09,1,2672,251,2923
35281d148dcf7134bae913c57db4e6da,137.01999999999998,1,2673,251,2924
4be9ae93c4fc0f41713d71a4194ee1b3,136.97,1,2674,251,2925
164a5a8794e6d42e14f55e447b12a3bc,136.76,1,2675,251,2926
9e17b9d64683aebcbb9ee362d06463b4,136.67000000000002,2,2676,250,2926
781a66c0d89e30814d49fe8b5e14cd07,136.3,1,2677,251,2928
d1aa1ec0839dcab73a6161130eb1f94a,136.04000000000002,1,2678,251,2929
630008e0f062605a415d694489f6f82e,135.5,2,2679,250,2929
a150c540f572d0fb53992264bc5c10b5,135.49,1,2680,251,2931
07a9bc7f61396b658ddf3ac534efe44c,135.49,1,2680,251,2931
6235903333ba7de1928c869e268e5964,135.48000000000002,1,2681,251,2932
8dd386be0767c330276ea6a3f96532d3,134.48000000000002,1,2682,251,2933
d8d9567d0bfb0bc7eb845a205ba42657,134.31,4,2683,248,2931
623ad9d0c1e14bb5464a8c72bff7b4af,133.96,1,2684,251,2935
674207551483fec113276b67b0d871ff,133.84,1,2685,251,2936
9c3a1c416c765687bc79a04113269929,133.8,1,2686,251,2937
0dfbed20065e425d2eaefb101f9816c0,133.6,3,2687,249,2936
9bf11dfc0bec77e5a23028043c3c5a8f,132.06,1,2688,251,2939
1cbcd2ee0afb3fc09963b87eb65e7e4f,130.64999999999998,1,2689,251,2940
2c9005d8043aff18b8557ffb7b13cda4,129.64000000000001,1,2690,251,2941
93bef6edaa84956e8e575016449b6351,129.56,1,2691,251,2942
43b2c864251aa0ce4030c746984e088a,129.32,2,2692,250,2942
011b0eaba87386a2ae96a7d32bb531d1,129.16,1,2693,251,2944
324583d68897f5ddbaf38f6248322176,127.99000000000001,2,2694,250,2944
28d162ab86bb49d719c32f0ee6186eaa,127.19999999999999,1,2695,251,2946
bcf5566870987da7bc811fbc8c5b9fd9,127.12,1,2696,251,2947
62de60d81c55c29d76a6bce418b31cef,126.87,1,2697,251,2948
80cfd480be3eb6d6267139f5cb793555,126.34,1,2698,251,2949
f43827dd686be3a4a80e00aa299990fb,125.74000000000001,1,2699,251,2950
eaaa46e98c9e61f6764dd1d7a2ab8b3e,125.64,1,2700,251,2951
be67f78487e2cecb0d55bc769709e4f5,125.64,1,2700,251,2951
7bb8fac2913a6064ec412e583c6d8b4d,125.52,1,2701,251,2952
60da8bfa7eebe230b7d66ac4082d79b3,125.26999999999998,3,2702,249,2951
443d880f15cbd3572885e1d44bf2c478,125.0,1,2703,251,2954
253c025bab43881055aeecde5e2d8b77,124.33,2,2704,250,2954
b8d890108a7a80e4f5d59eea9f362438,124.28999999999999,2,2705,250,2955
ac1ed5fc15901fbc92920361eb4ab350,124.03999999999999,1,2706,251,2957
2aafae69bf4c41fbd94053d9413e87ee,123.87,2,2707,250,2957
5741dc2bf5044c34d0698681c5081bed,123.74999999999999,3,2708,249,2957
db1f0f7c7e5e87f40b62226f020bb297,123.72999999999999,3,2709,249,2958
889009a0ed0bb52c87819941192931b8,122.98,1,2710,251,2961
92992bec39dde5766f590d3b1f46d465,121.67,1,2711,251,2962
a4fc6eadaff1576af888509a53420f6a,121.62,1,2712,251,2963
247587846358bb1d2e4c6522020b36fe,121.51,1,2713,251,2964
05aebce0b5c8f0d41b29b686f2d05fd3,120.88,2,2714,250,2964
9d213f303afae4983637247556438ede,120.81,2,2715,250,2965
4fae87d32467e18eb46e4a76a0a0b9ce,120.80000000000001,1,2716,251,2967
db7ed69a53aa9fb1c01930ba54a88bbe,120.78,1,2717,251,2968
4cc43a222a0f94910728b62b97a8c5f8,120.76,1,2718,251,2969
a2b911e9ad40dc7d61c142a4683e2d85,120.30000000000001,1,2719,251,2970
217f005bb37ff3aeef5b2ae1788e75ba,120.22,3,2720,249,2969
2cb98e27ce1c18abdb42209b34c382a7,119.7,1,2721,251,2972
2d20f1cd18725c91147da0791d498022,119.69,1,2722,251,2973
4fe2f67634d00c021aa01f96b6f2d68e,118.84,2,2723,250,2973
271b8923c6a549e02d3c9fd1f8c0422b,118.59,1,2724,251,2975
028872bfa080090a9d0abd4f1af168f8,117.87,1,2725,251,2976
74a9b9bddf14ece02beb81f52c41a88d,117.06,2,2726,250,2976
79b93a308a97792cf53ac75f46da00b5,116.04,1,2727,251,2978
17998cf586426bf0f2c3726cb0a4b211,115.52,2,2728,250,2978
9b1050e85becf3ae99c1cf4934c9bc5d,115.34,2,2729,250,2979
26562f211dd1364af2a8596dc945e8ae,115.11,2,2730,250,2980
aa8af66c623d7d544dfe4bb85b5ebe3b,114.57,1,2731,251,2982
aa17b35ce4de7b565be3249ba838944f,114.0,2,2732,250,2982
3d2400ac620cffa23ac81bd192f7f555,113.9,1,2733,251,2984
6b2612338467c08c9b25f0cc55b1578d,113.87,1,2734,251,2985
1c742ac33582852aaf3bcfbf5893abcf,113.69,1,2735,251,2986
7a073a40a9d3f1fee8bc45670ea1e909,112.78,1,2736,251,2987
918f6fbcf3ab724d805867303e593a1b,112.58,2,2737,250,2987
376d67b61dce0c990155286e7ae486a4,111.91,1,2738,251,2989
7f02656561b680def9986c0795a8a080,111.83000000000001,2,2739,250,2989
270572bb714b00531be85e16e1550f26,111.75999999999999,1,2740,251,2991
fa7ad8ae9bcb2c4493fdf38e96b1d74f,111.7,1,2741,251,2992
fc99f99385ae90f66f01733856fb88c9,111.02000000000001,1,2742,251,2993
a7c53f6b3b61adbdaa99dda97e8cbd56,110.3,1,2743,251,2994
a5ff20ff766e7f50bd5066f33da14413,110.17,2,2744,250,2994
65c255b299faf2d12050937cc219c46c,110.08000000000001,2,2745,250,2995
00ab3eff1b5192e5f1a63bcecfee11c8,110.08,1,2746,251,2997
7a704e63bb29c446869efde5d57524c8,109.89999999999999,1,2747,251,2998
154bdf805377afea75a3bd158e9eab10,109.72,1,2748,251,2999
22a23e5ac7061fc538cc2a019afaaf16,109.42,1,2749,251,3000
166e8f1381e09651983c38b1f6f91c11,109.0,2,2750,250,3000
6d04126aba80df143fd038e711b8fd96,108.86,1,2751,251,3002
e4253cef933647000a82ff39c67b7bde,108.72999999999999,2,2752,250,3002
d7d517afce974cd491b8d52bb5b5b1fc,108.72,1,2753,251,3004
a72f15980dc3e9bfd1a49ac9b2f3af65,108.63000000000001,1,2754,251,3005
dd264199fc8b687ad029de7de6d760e6,108.60000000000001,1,2755,251,3006
cac4e0bc1a3269fa2b6ea5e763f6115b,108.02000000000001,2,2756,250,3006
eb4a59a06b3948e851a7d7a830bcbc42,108.0,2,2757,250,3007
2bdb95a56a36ebbc6640337ac5eac174,107.9,1,2758,251,3009
5de1c80811ce7007f62f00d971236c09,107.75,2,2759,250,3009
d598f929fc44e1e38678e7f47250ec04,107.30000000000001,1,2760,251,3011
c85d7b477a709c85a1e8b8f25aa1b270,107.22,1,2761,251,3012
6624bc09786f0e41ae48dfc5eeb1a9e2,107.01,1,2762,251,3013
a56a8043ebf66e42119618fb8cf232c6,106.73,1,2763,251,3014
5305693ffae2d3463377b1f6fe67b15a,106.55,1,2764,251,3015
e4f121bf6ef8b9a1d4d3e65dd0473fab,106.46000000000001,2,2765,250,3015
f8f35af4634605e6693c17cc3ffff5a8,106.39,1,2766,251,3017
b86a47b3366e3b5424a7b225781f4908,106.35,1,2767,251,3018
499185655c29ecfdbfe776ef7cf875b5,106.33,1,2768,251,3019
83d458c0d6d4f94295d63f091460bd60,105.74000000000001,1,2769,251,3020
dedcab67899479e4ea5dcc4eba47f587,105.63999999999999,2,2770,250,3020
29c322e3f09f886f8bacbe91dfbd979e,105.57,1,2771,251,3022
20fd2d2080ed85fa67fad3fcbb2c1813,105.47,1,2772,251,3023
466222e777149751370e7e98fb623b0c,105.45,1,2773,251,3024
bbf4a892cac7b82422baa711dffb8997,105.34,1,2774,251,3025
4aba6a02a788d3ec81c03137144d9a80,105.28,1,2775,251,3026
1fddcb7b326905d3ad5efe82187db347,105.22,1,2776,251,3027
6187a137b2af59dfdbad8d9f8c373c14,105.02,2,2777,250,3027
a7b7354cc588f7566a848bcbb1ce3d96,104.87,2,2778,250,3028
b5dd7151a92ccaaa282cbe9681a05f44,103.7,1,2779,251,3030
5587130f9850696ed7fafbc91c2cee44,103.49,2,2780,250,3030
da2782c804606d2a5d8e1760dbb3e7ec,103.37,1,2781,251,3032
f3055483058c84d75ca2a3314fb4deef,103.28999999999999,1,2782,251,3033
5a32c398a06c345440bf2a683b017ad3,102.97,2,2783,250,3033
0f519b0d2e5eb2227c93dd25038bfc01,102.9,1,2784,251,3035
15b3b1b81484422eb41df68ac87f1f50,102.89,2,2785,250,3035
a1bea9970d8f65b240555f99c2214f7f,102.48,1,2786,251,3037
48e5ee06fb2dc74df1c711a9b6dfac2a,102.30000000000001,1,2787,251,3038
f09e26011d833ddab11593c1a097a92a,102.09,1,2788,251,3039
b452cb0ae35044c4a53179c39f49fb06,101.98999999999998,2,2789,250,3039
c2bda99904207edd1834f03e0022b007,101.68,2,2790,250,3040
83f2b4881141ce3fcd4e985125d3279e,101.38,3,2791,249,3040
3febca52652e7209509ccfe61cbde40e,100.9,2,2792,250,3042
42d4b7e70819438f5ada61c965e92d7e,100.78,1,2793,251,3044
c6381b1321d7d97717a5bb4ed5b77882,100.00999999999999,2,2794,250,3044
43a5d4a57af536fddc96d08be3afdfcb,99.83,1,2795,251,3046
a7d0f8dd44f57ef6de7f7f02e3d82630,99.67,2,2796,250,3046
dadc51ef321949ec9a3ab25cd902e23d,99.34,1,2797,251,3048
42fb44130ac3134cde8e35cf8ec7df25,99.14,3,2798,249,3047
cd233f8bfa30ebfd651f47ee7d054951,98.56,1,2799,251,3050
8fb67a334bacec338885b4e9e1708073,98.42,1,2800,251,3051
52b53f7061969fe471d119b6195da864,98.37,1,2801,251,3052
dcb7367a92f5ffb89f1e2152ed260285,98.34,1,2802,251,3053
c542f5a8c64d973f30e9df8d06f70b4a,98.31,1,2803,251,3054
97e50a621f8e801f4baf69e08687c192,97.78,1,2804,251,3055
ca5832c6960267b71041f74bb39e8b12,97.71000000000001,1,2805,251,3056
ba8e85df286308fe68a2ce83a8f8b2d6,97.66000000000001,1,2806,251,3057
1d0646a72178a6fb37ee8082140e06ec,97.62,2,2807,250,3057
1a8e2d9c38b84a9702ac7922924b0573,97.0,1,2808,251,3059
b3809b8d4394588a47c8470ea331e135,96.88,1,2809,251,3060
9fbd5666d8618fa571c4230fafa09bd6,96.71000000000001,1,2810,251,3061
6dd7dce75cd55c1ce255dc38d9f0cd46,96.33,1,2811,251,3062
c8771b1a10bb99bb34d3c459c5cffb53,96.10000000000001,1,2812,251,3063
c0f3eea2e14555b6faeea3dd58c1b1c3,95.64999999999999,1,2813,251,3064
b3e2faf2c1004d674f16a3aa3197f0e1,95.24000000000001,3,2814,249,3063
8f0fbe2cd4d472157dc1cdef6edecaa9,94.75999999999999,2,2815,250,3065
9591fc341b1bfb7ef561e2968ec6e011,94.21000000000001,1,2816,251,3067
497709c2976a8fa308730a2dec5b0726,94.03999999999999,1,2817,251,3068
02a2272692e13558373c66db98f05e2e,93.85,2,2818,250,3068
bbd3acfe6de99892e73940d3fdceaf68,93.55000000000001,2,2819,250,3069
fe9d9cf8631285d5982c6e2cf27fb114,93.54,1,2820,251,3071
c8665a4dd081a2c436b1cd921079d0d9,93.53,1,2821,251,3072
babcc0ab201e4c60188427cae51a5b8b,93.13,1,2822,251,3073
5cf1ec37aea089f45110c70653a166ab,93.1,3,2823,249,3072
f5b84683a9bf9e1df748cf40f601b39c,92.97,1,2824,251,3075
8b11118053756a9a2932f447e11fc1b5,91.16,1,2825,251,3076
455f46ef09a9e45667e2981df84b5cc2,90.97999999999999,2,2826,250,3076
5a4236931428800e9d9cc04af0987118,90.66,1,2827,251,3078
cf281cf8b7affbdfe751b29cc85580e1,90.23,1,2828,251,3079
24a6daf925d9d591870a66660416de31,90.08000000000001,2,2829,250,3079
723a46b89fd5c3ed78ccdf039e33ac63,90.03999999999999,1,2830,251,3081
e9e446d01bd10a97a8ffcfc4a3a20cb2,89.61,4,2831,248,3079
f90f77ef2799a27f80d90c425ca944f7,89.46000000000001,1,2832,251,3083
a45765f8afb1e594b22bf9e974b46765,88.91999999999999,1,2833,251,3084
b5b800c4065bebf4d3442311c9857344,88.81,1,2834,251,3085
76623fde66e6b63b59440fd34160512d,88.74000000000001,3,2835,249,3084
9b1f656ca3060f8af17a50d8a024b533,88.68,2,2836,250,3086
392f7f2c797e4dc077e4311bde2ab8ce,88.56,2,2837,250,3087
204b4e07bddef3c9b317f70189135b22,88.13000000000001,1,2838,251,3089
61b893c57e33626afb104d4112b1be76,88.08999999999999,1,2839,251,3090
b6c6854d4d92a5f6f46be8869da3fa1a,87.82000000000001,1,2840,251,3091
85e7c62c1d6ea078c3897424f867a7c8,87.7,2,2841,250,3091
d4d99b60c4c94cd35acd502cec65dc8d,87.29,1,2842,251,3093
f0ec6a2adb05c62655a26dd347b8dede,86.78,1,2843,251,3094
4003520d80d0bad1d5623f7aa3c63cda,86.74,1,2844,251,3095
0a198e95d32b1be2da9424c962a6ebfa,86.66999999999999,1,2845,251,3096
20d53aad4fe5ee93a64f8839609d3586,86.44,2,2846,250,3096
3da38366e7bd9baf6369071f782ecdf0,86.43,1,2847,251,3098
f0ec78809fe0bc3edb11c9fe5b97b059,86.25999999999999,2,2848,250,3098
4e92348462c75b6c842b994ce84a0ed4,85.49000000000001,1,2849,251,3100
b5d034ac251546e25afe9067f05c1539,85.27000000000001,1,2850,251,3101
3e51f9cbe317bc3a88f2c76583811ee4,84.78,1,2851,251,3102
3e35a8bb43569389d3cebef0ce820f69,84.67999999999999,1,2852,251,3103
a3fa18b3f688ec0fca3eb8bfcbd2d5b3,84.25999999999999,1,2853,251,3104
edb65fe661681b1c0de8bd47c8655855,84.24,1,2854,251,3105
d58d521f3789def2e7a22715e0badd93,84.2,2,2855,250,3105
eaf6d55068dea77334e8477d3878d89e,84.01,3,2856,249,3105
d7ab82074b5f1dfba46db123df101bff,83.97,2,2857,250,3107
c13fb473e7cb8b83ccd543c094df0608,83.52,2,2858,250,3108
be7a093e5b4d147b36b72bb1f9e415e5,83.25999999999999,1,2859,251,3110
447d377bdb757058acb569025ee18a93,83.00999999999999,1,2860,251,3111
7963e546f34e098b578f9ad102494601,82.22,1,2861,251,3112
6ebf4eceee4dd9847201c82e77ef8123,82.03,1,2862,251,3113
dd5450b022b2d00a2145a66331e1aef6,81.34,1,2863,251,3114
ad738d3fcf42655ed15c4960b7b6c601,80.89,1,2864,251,3115
26f6b7ab07be3e9e69ce82a6552efc19,80.75,2,2865,250,3115
a2a41aedb70551d4a85aa04dc2fced48,79.73,2,2866,250,3116
9ef932e837d8b7f392c0bfee9d359dc2,79.56,1,2867,251,3118
ffcfefa19b08742c5d315f2791395ee5,79.52000000000001,1,2868,251,3119
ac9b01377919cdbd2a1bbb8d5837c70b,79.44,1,2869,251,3120
d9b00a97818674c7f8d8b1ef0e689679,79.08000000000001,1,2870,251,3121
2eeb6531ee027a48d401e72bebdd87d3,78.7,3,2871,249,3120
fa18c782a4866d313cadab567097f8f1,78.64,1,2872,251,3123
67e43d802fde8cfd3f9580124f8167d1,78.35999999999999,2,2873,250,3123
1d953075c2f0dd990bacf27b83b330f1,78.32,1,2874,251,3125
52831e5990d0771cb4951d6f12928167,78.12,1,2875,251,3126
84c945f15571830c1a91a33978e94009,78.03999999999999,2,2876,250,3126
f3511c85f59f8dec53d140501ee8e7a8,78.01,1,2877,251,3128
f7c31656c19db6275a8acadca289f426,77.75,1,2878,251,3129
86649b1632b1c0e6c0bcb2c90a8b75d8,77.66,1,2879,251,3130
56a8b450e802502ba53a9885ee38e29f,77.65,1,2880,251,3131
7c462184585ae80bd6e5774c62ce50f2,77.64,1,2881,251,3132
3a3c180dd702a725bd0ba4117689239e,77.38,1,2882,251,3133
c1d1ebb4745cc43cb6f05e9c8a705c9a,77.17,3,2883,249,3132
80146bc52c4f6af5239b23de2a20262b,76.78,1,2884,251,3135
6a3139c7bf09ece22a4713d956acbe5e,76.64,1,2885,251,3136
e1a210d482714ce337763a19aef94ba4,76.50999999999999,1,2886,251,3137
cecd97bc34ed8330bd4cd15713eda670,76.5,1,2887,251,3138
c161d1327ebc3a156c09582ab2f59f6c,76.33,3,2888,249,3137
7315baebc0572ff220d226283dc66728,76.22,2,2889,250,3139
75fdd0a732287f9497b179f6bd445d32,76.08,1,2890,251,3141
528ce32f560edd11add4169f6a5b65be,75.1,2,2891,250,3141
07e8e8fc5222bb358e6f259da3197074,74.86,2,2892,250,3142
0af2ab31141893d26aca5a404a537dab,74.51,1,2893,251,3144
c240c4061717ac1806ae6ee72be3533b,73.89,1,2894,251,3145
9996ae921c50e8dff411ac69c0b4bb8b,73.37,2,2895,250,3145
d180e07dc1e58c31c3f0cd599dc4d945,72.96,1,2896,251,3147
9e94fa26a70ede4d26226e918e8706a2,72.74,1,2897,251,3148
c7246702dc991a06d788120dc7544391,72.52,1,2898,251,3149
9140ef75cc8211c4035935e80e567204,72.18,1,2899,251,3150
66d5ae34537110d3affc56174dad2b2f,72.17999999999999,1,2900,251,3151
fe19dce63ae80346207c6c55713d1023,71.72,1,2901,251,3152
2f1e7b90e01d9f086cbcb301c0c3d406,71.66,1,2902,251,3153
258447aad3f7b01e2643c89f64dc5647,71.45,1,2903,251,3154
1d139e3a3b14025640d8df1b230aace0,71.18,2,2904,250,3154
0ee4fb99ac55ffbbc98795aa01b7f8fa,70.92999999999999,1,2905,251,3156
7b3447b497e55af8c15fc7bd89d7b81a,70.65,1,2906,251,3157
b77a27b1864483e721dc831d5ba4afa0,70.42,2,2907,250,3157
cad9969167c09b48ae6f1d123f7fa68d,70.18,2,2908,250,3158
0936e1837d0c79253456bbb2ffaaef10,70.02,1,2909,251,3160
9ac75591b69c3402684b6ce0310f22ee,69.67,1,2910,251,3161
3e46a38ee171c503c3b4a3f23fe3bf0c,69.00999999999999,1,2911,251,3162
c1552b1dab6e6f760950368ae61fb600,68.69,2,2912,250,3162
720e6cf846ea7572cbb66b743fb91e6c,68.55,1,2913,251,3164
5415337f1863452476d42d9f14a16a61,68.35,1,2914,251,3165
2c2c9832d1bb38c5b0034a3b47d313ee,68.35,1,2914,251,3165
c963a25b8671419c6ce9eebe8fd03218,68.32,1,2915,251,3166
c200c73f9d7e5a08ca439d6a0803da7c,68.2,1,2916,251,3167
2078fe5066350e7d220c0ad3a3bbc6c1,68.03999999999999,1,2917,251,3168
ebe3dabc4955c9b0d695e7bda38bf5c3,66.89,1,2918,251,3169
5aaa890629f83706d8d9bfecd8377c1c,66.82,1,2919,251,3170
63704069d9bd3a75c1cf59babe56004a,66.69,1,2920,251,3171
43753b27d77860f1654aa72e251a7878,66.28,1,2921,251,3172
2e2f44824ab87a0cb961f68bf4073e7f,65.93,1,2922,251,3173
ed49da7cadefc454d6a67de249eab240,65.83,2,2923,250,3173
1b61fb1f0f2185d89e9a126c498e9cc7,65.81,1,2924,251,3175
a1ed30492b3b798bc121845bc4aa7366,65.5,1,2925,251,3176
3338e7a0710a195872be80e0d2423867,65.43,1,2926,251,3177
deaadd805612bf94faaa9fa702516e11,65.11,1,2927,251,3178
d1a1b40ec554c593a1a99366746289dd,64.22,1,2928,251,3179
e0487761face83d64fcada2408959a36,64.12,2,2929,250,3179
8629a7efec1aab257e58cda559f03ba7,64.11,1,2930,251,3181
2ef086a599b597572aca4433b7ed6b3d,64.1,1,2931,251,3182
539ed9e19811677513447759be5eccfc,63.919999999999995,2,2932,250,3182
ce33c6211beaa8fef4cae8b52db39862,63.519999999999996,1,2933,251,3184
51e0557bc7b86de13e946c60ee91ce39,63.4,1,2934,251,3185
d85efbc8eff2b7adf524e2820569adc8,63.29,1,2935,251,3186
70c0fda4c313d87115644d39e62eec60,63.08,1,2936,251,3187
6c9875b2f94ba781186f0c1aed8d1687,63.050000000000004,2,2937,250,3187
7494d0dcba8551df6cf37f1b905dc2f7,62.97,1,2938,251,3189
0b1ca3ef18a63d7eb0c8897fa0849c08,62.87,1,2939,251,3190
513a54369b6a8a6602fcb0e129c6d78d,62.66,2,2940,250,3190
3ded4e2d5f135cb103e5949d7263d2dd,62.379999999999995,1,2941,251,3192
d4828feed4cda2cd9d6b37899a95a71e,62.11,1,2942,251,3193
d297f1055de2956aedfd3b04113dce3e,61.94,1,2943,251,3194
749e7cdabbaf72f16677859e27874ba5,61.739999999999995,1,2944,251,3195
417a1e6c7321084d2a0ae0d023cfad93,61.379999999999995,1,2945,251,3196
4125d9385a25e82d2f72d3a0fd55bc3f,61.3,1,2946,251,3197
d4f91e8be86b38da2ee35bc489645a9d,61.160000000000004,1,2947,251,3198
16bdc8cefd0e32a6f0824d296c5ad14a,61.08,1,2948,251,3199
9315e491484b1b0081ca166fc164108d,60.4,1,2949,251,3200
7caa63f175b1cecbfaadd8b5ab9998c7,60.33,2,2950,250,3200
cad10cc982ab6a391570c211b995c17c,60.19,1,2951,251,3202
ae9690c6e8fee182c28c9ff8e11ca52c,59.81,1,2952,251,3203
05a48cc8859962767935ab9087417fbb,59.39,1,2953,251,3204
6bcb2352a2a0c38b845f598298ab9d26,59.38,2,2954,250,3204
9c351405b754cc5ce3e2ecf277bb034a,59.11,1,2955,251,3206
ac137bac82ffa8548e62bd9d01d2a14f,58.94,1,2956,251,3207
4d8809767a5bafe22909c77951fb6b41,58.72,1,2957,251,3208
edb58a1390adf273840030a3d6253829,58.28,1,2958,251,3209
84deb808079d1be601c209c1e771b1cc,58.14,2,2959,250,3209
535bf14f36346c7f59d87cece104d70c,57.769999999999996,1,2960,251,3211
da3fede3469bf49b7293ce3fc45b294d,57.69,1,2961,251,3212
2c00c85d30361cd2ced2969cffbbffa3,57.51,1,2962,251,3213
e5545d4d4473876ea78c5bcebca365c3,57.47,1,2963,251,3214
1f7dfad2cb384ea4d2d7e1ffbd78c407,57.29,1,2964,251,3215
e595809a6c31ec4314fd06ef198c244d,57.230000000000004,1,2965,251,3216
d63f306de130e0391d38a792541723b8,56.6,1,2966,251,3217
2d8cfba3fcd3170555941605edaa196a,55.96,1,2967,251,3218
a213f1bd6458f4a158f3746cb2514559,55.95,1,2968,251,3219
df683dfda87bf71ac3fc63063fba369d,55.95,1,2968,251,3219
c74f14c1e26cf1bd5bd34b6a1e274426,55.79,1,2969,251,3220
baf15155e37ef5492731459bdc05be8a,55.72,1,2970,251,3221
e72b4feb7abe210c52aa667abc25a3a2,55.64,1,2971,251,3222
8b181ee5518df84f18f4e1a43fe07923,54.98,1,2972,251,3223
3d62f86afa7c73be2628a3be1423f5a0,54.42,2,2973,250,3223
ab75b89cc49c9ab3160d0c91565a442a,53.83,2,2974,250,3224
70ee69419916dc13e3aed619061f996c,53.72,1,2975,251,3226
bee36b4f9a2b9fdcaff6ec05df202ed0,53.48,2,2976,250,3226
1f2eebc0e970fd3c463e4f5d9652687a,53.47,1,2977,251,3228
3a52d63a8f9daf5a28f3626d7eb9bd28,52.78,1,2978,251,3229
bb7ad8a45c027be8ab075b8e465f8ca0,52.620000000000005,2,2979,250,3229
2c54051840f19eca309a5423cf22df36,52.269999999999996,2,2980,250,3230
50c361bcf670d16f6df4d52de3dff924,51.6,1,2981,251,3232
e116c7455dd26a4d8c3e92532583905f,51.54,1,2982,251,3233
9200e6ce317b67196b6b0bad4d4bd567,51.42,1,2983,251,3234
f9f68daa2af419d38f745478bcb3da1a,51.36,2,2984,250,3234
9f56a7a649097b166d8ed286ad86a15c,51.019999999999996,2,2985,250,3235
fedaedd3ca31d56ab33e92035e4b361c,50.86,1,2986,251,3237
999f6d9a1c7c81f43be44c6b7d076210,50.83,2,2987,250,3237
c716e0b86ed568878475b60fbb6323ad,50.230000000000004,1,2988,251,3239
baeda7047354773262ba2405f97038ba,50.1,1,2989,251,3240
e0b162a693bc7f9eab00f783a31d60ea,49.69,1,2990,251,3241
6561d6bf844e464b4019442692b40e02,49.449999999999996,1,2991,251,3242
cb162c8eef257253782d245c08d9097c,49.120000000000005,1,2992,251,3243
87b4428a334b8f676fd9a7f3bf544fb5,48.98,1,2993,251,3244
3aa3c89ae3cd482385568be76120f63c,48.94,1,2994,251,3245
389e45560e33d2d0747f949dcddbc08e,47.43,1,2995,251,3246
0336182e1b3e92f029d5354832045fdf,47.370000000000005,1,2996,251,3247
72c73be2b085b9d57650dd53eb2004c9,47.32,1,2997,251,3248
d7f1cfc638473be93baedbfd02208016,47.14,1,2998,251,3249
28a26ebce31d5918b181ede016fd693b,47.04,1,2999,251,3250
a09a13f18ed27932d08438aa6f12756e,46.01,1,3000,251,3251
5206cc4bc2297c833e6061c49bf9c43f,45.96,1,3001,251,3252
32f83ffe11cd40f7adcf4eef171f52d9,45.089999999999996,1,3002,251,3253
c43d924a0f1688ee9fae0efcd6f539d4,45.01,1,3003,251,3254
fdf736c18c589ed030e058312203e1b2,44.51,1,3004,251,3255
436bf27f2f18474fc6047702e9f8a866,44.42,1,3005,251,3256
c9d2ba8dde44a275ae06475ed1d2fafc,43.31,1,3006,251,3257
e6ffc9ac6a7adc9d16a1cfc2286dd546,43.28,1,3007,251,3258
33fd411ed63a7c2f9005e3f065d9f85d,43.129999999999995,1,3008,251,3259
b026643914f651e8371425e5b8a1e780,43.0,1,3009,251,3260
7b3f6ce5c6c22e9b96e7581ebf0df6e1,42.49,1,3010,251,3261
bd43e172d599bed47a85da877172ca8c,42.19,1,3011,251,3262
455befea1bb853c75ccbca94cff26e5c,42.05,1,3012,251,3263
41958cbd3335433c8740300e8cd600d5,40.38,1,3013,251,3264
3986c0b54f6b748b75e7bd4e092aa3e5,40.269999999999996,1,3014,251,3265
7cb946b1ad19faebe28c3e86c2794ec3,40.1,1,3015,251,3266
1992f8fb6b19fcccd97ca819811e7267,40.02,1,3016,251,3267
7d81e74a4755b552267cd5e081563028,39.99,1,3017,251,3268
15aec03fe4cf30dfa574cf550f5ff5ff,39.86,1,3018,251,3269
bcd2d7510d58e293f20fad6438c1b314,39.46,1,3019,251,3270
1c83418358f249c9d6affa52d579db0e,39.42,1,3020,251,3271
1a6245add4353f18ed55138808906979,39.34,1,3021,251,3272
544863df86ed3b78a04e0820d41430ee,39.17,1,3022,251,3273
f09b760d23495ac9a7e00d29b769007c,39.09,1,3023,251,3274
bd65d163ded559eb90a10cd09fec178f,38.480000000000004,1,3024,251,3275
a61cc04793308395a840807104365121,38.37,1,3025,251,3276
139157dd4daa45c25b0807ffff348363,37.68,1,3026,251,3277
c0e0b73d039eb9a99b6ce4cb7a429cd3,37.56,1,3027,251,3278
9d69ba0a7a626a64dc5db08e529559cf,37.54,1,3028,251,3279
bf0d50a6410d487dc97d2baac0a8c0be,37.16,1,3029,251,3280
82921991ff5b557b045605b8bbf08d49,37.129999999999995,1,3030,251,3281
34675b28b826facfde119785bf287dc1,37.089999999999996,1,3031,251,3282
38f276ca6e7cc95a6d1bb55ac9e5550f,36.839999999999996,1,3032,251,3283
98f52e1020fe788c10c0418de4393fec,36.7,1,3033,251,3284
c97aa4ee7420f937da13b7f9e2228b99,36.56,1,3034,251,3285
3820c6537b3853be1a0687d5a60807ec,35.96,1,3035,251,3286
b2f4d63c7203f539a78252565ca32257,35.74,1,3036,251,3287
698624c6632eeba1774924dbea24c700,35.129999999999995,1,3037,251,3288
c12d7463a579237ffb9248bd7cff378b,34.62,1,3038,251,3289
f1fdf2d13186575751aa25876536d85c,34.59,1,3039,251,3290
bac44fa8e13424950488659b5f765c41,34.42,1,3040,251,3291
e76ecc7e9a1a1e3c6df9d2a8261c423d,34.1,1,3041,251,3292
63bc58679c44e8a998792119fd7ad23e,34.01,1,3042,251,3293
d93b8458c6fe139d85cfa5eadbf55bd2,34.0,1,3043,251,3294
804287717b9156fb7a787acd9af4fac1,33.9,1,3044,251,3295
e174dc2de86d60fee178170a154c05e7,33.9,1,3044,251,3295
0bb27263628258b8111a0262769fa9db,33.16,1,3045,251,3296
afac9f6b0c4e5f0a7ee87e922cd0f873,32.839999999999996,1,3046,251,3297
13e85aac53340018b40c2af68001b7e0,31.92,1,3047,251,3298
58b98ccb79873e04eac4357cacc590d9,31.91,1,3048,251,3299
fb503a924a0b9db19d83dd0ac6dbef8c,31.82,1,3049,251,3300
ce4755084bc097113867e6454f8f5e52,31.689999999999998,1,3050,251,3301
6c77cd583b36a13aacccf2b3ee23e233,31.689999999999998,1,3050,251,3301
eb1bf309f4f6af9a97e9ddac3fdbeabe,31.18,1,3051,251,3302
0b46f784306be7200ca1700aa55d819f,30.86,1,3052,251,3303
bc8c8d665ec4664d286be0d521722b19,30.82,1,3053,251,3304
8501d82f68d23148b6d78bb7c4a42037,30.66,1,3054,251,3305
5e063e85d44b0f5c3e6ec3131103a57e,30.32,1,3055,251,3306
c3e2398fcc7e581cda2e546557bf6968,30.130000000000003,1,3056,251,3307
20f0aeea30bc3b8c4420be8ced4226c0,29.42,1,3057,251,3308
f3862c2188522d89860c38a3ea8b550d,28.29,1,3058,251,3309
e64ddbe1cbcf4f2fc3092b7c481f3f9d,28.29,1,3058,251,3309
95cca791657aabeff15a07eb152d7841,28.22,1,3059,251,3310
668bf321538e5072858eaef6087ce027,28.009999999999998,1,3060,251,3311
344223b2a90784f64136a8a5da012e7f,27.689999999999998,1,3061,251,3312
0f94588695d71662beec8d883ffacf09,27.59,1,3062,251,3313
9e25199f6ef7e7c347120ff175652c3b,27.02,1,3063,251,3314
eae9af4811c294c56795d70e715b7337,27.009999999999998,1,3064,251,3315
6614814a00d344b846ae209f95ee7e3f,25.689999999999998,1,3065,251,3316
6576fd3e23c88f0e5d4d23f39bba0542,25.46,1,3066,251,3317
5b92bfa4120daa27c574daa2e386c693,24.96,1,3067,251,3318
c18309219e789960add0b2255ca4b091,24.0,1,3068,251,3319
7ab0dd5487bab2dc835337b244f689fb,23.46,1,3069,251,3320
34aefe746cd81b7f3b23253ea28bef39,22.52,1,3070,251,3321
b5f0712d22a873b6797ab6cc65c3fcba,21.28,1,3071,251,3322
cc1f04647be106ba74e62b21f358af25,20.189999999999998,1,3072,251,3323
c1dde11f12d05c478f5de2d7319ad3b2,19.89,1,3073,251,3324
3ac588cd562971392504a9e17130c40b,19.29,1,3074,251,3325
ad14615bdd492b01b0d97922e87cb87f,19.21,1,3075,251,3326
702835e4b785b67a084280efca355756,18.560000000000002,1,3076,251,3327
4965a7002cca77301c82d3f91b82e1a9,16.36,1,3077,251,3328
1fa2d3def6adfa70e58c276bb64fe5bb,15.9,1,3078,251,3329
77128dec4bec4878c37ab7d6169d6f26,15.22,1,3079,251,3330
cf6f6bc4df3999b9c6440f124fb2f687,12.22,1,3080,251,3331
